Column1,Column2,Column3,Column4,Column5,Column6,Column7,Column8,Column9,Column10,Column11,Column12,Column13,Column14,Column15,Column16,Column17,Column18,Column19,Column20,Column21,Column22,Column23,Column24,Column25,Column26,Column27,Column28,Column29,Column30,Column31,Column32,Column33,Column34,Column35,Column36,Column37,Column38,Column39,target
115,266,61,24,3,1,3,2,1,2,3,2,1,2,3,4,1,4,3,1,18,11,3,53,19,11,2,77,35,25,41,0,0,22,13,4,4,40,2,0
116,306,61,24,3,1,3,2,1,2,3,2,1,2,3,4,1,4,3,3,18,11,10,28,21,11,2,32,51,41,60,0,0,22,8,4,4,40,2,1
114,11,49,245,3,1,3,2,1,2,1,2,1,2,4,2,5,2,3,3,22,5,16,40,21,22,12,31,48,37,72,0,0,26,12,7,4,39,2,1
114,222,47,238,3,1,3,2,1,2,3,2,1,2,4,3,5,2,3,0,16,5,10,40,16,4,12,25,16,44,62,0,0,22,18,7,4,60,2,1
117,154,44,194,2,1,3,2,1,2,1,2,1,2,4,3,1,4,0,0,15,11,10,53,21,11,12,0,58,51,94,10,0,20,6,5,4,53,2,1
114,228,47,228,3,1,3,2,1,2,3,2,1,2,4,3,1,2,3,0,15,5,8,52,17,6,10,46,16,37,52,10,0,22,10,7,4,39,2,1
117,301,55,122,2,1,3,2,1,1,1,2,1,2,3,6,1,4,1,1,15,11,10,48,16,11,12,0,80,70,51,11,0,22,6,1,4,53,2,1
117,369,55,122,2,1,3,2,1,1,1,2,1,2,3,6,5,4,2,1,15,11,3,48,16,11,10,0,80,70,51,11,0,22,15,1,4,53,2,1
118,176,49,245,3,1,3,2,1,2,3,2,3,2,1,0,4,2,3,0,15,10,14,1,11,11,34,0,31,64,72,4,0,29,13,7,4,34,2,0
120,133,16,171,3,1,3,2,1,2,3,2,1,2,4,2,1,2,3,1,24,8,12,40,16,18,14,117,42,11,9,0,0,29,13,6,4,52,2,1
120,137,16,171,3,1,3,2,1,2,3,2,1,2,4,2,5,2,3,0,24,8,3,40,9,11,12,87,42,20,36,0,0,29,13,6,4,51,2,1
117,327,36,119,3,1,3,2,1,2,3,2,1,2,3,4,1,4,3,1,15,15,14,16,21,11,20,61,35,31,45,0,0,22,13,6,4,40,2,0
121,350,35,119,3,1,3,2,1,2,3,2,1,2,3,4,4,4,3,1,15,15,10,28,11,18,12,57,27,24,73,0,0,26,13,6,4,52,2,0
124,379,30,3,3,1,3,2,1,2,3,2,1,2,3,4,4,4,3,1,8,10,10,23,11,10,7,0,20,61,76,0,0,15,13,7,4,21,2,0
121,309,35,119,3,1,3,2,1,2,3,2,1,2,3,4,1,4,3,1,15,8,8,40,16,18,2,89,27,23,25,0,0,22,13,6,4,34,2,1
113,32,49,245,1,1,3,2,1,1,1,2,1,1,2,1,5,2,3,1,28,10,6,28,28,18,36,0,11,70,51,0,0,22,13,7,4,34,2,0
126,47,38,232,2,1,3,2,1,1,1,2,1,1,2,1,2,2,1,1,3,10,3,16,6,22,36,0,27,70,51,0,0,22,10,3,4,21,2,1
126,54,38,232,2,1,3,2,1,1,1,2,1,1,2,1,0,2,1,1,3,10,3,34,6,22,36,27,27,57,31,0,0,22,23,3,4,21,2,1
123,220,62,113,3,1,3,2,1,2,3,2,1,2,2,1,2,2,1,0,21,3,8,47,5,11,36,65,11,41,20,0,0,22,13,2,4,34,2,1
123,70,62,113,3,1,3,2,1,2,3,2,1,2,2,1,0,2,1,1,21,3,12,48,7,11,36,33,11,46,48,0,0,5,20,2,4,34,2,1
127,374,18,209,2,1,3,2,1,1,1,2,2,1,3,5,1,4,1,1,15,10,6,40,11,14,12,0,76,57,83,0,0,11,13,1,4,58,2,1
127,384,18,122,2,1,3,2,1,1,1,2,2,2,3,5,5,4,1,1,8,10,3,28,17,14,12,0,76,70,51,0,0,4,13,1,4,58,2,1
121,282,64,193,2,1,3,2,1,1,1,2,1,2,3,5,1,4,1,1,3,8,3,46,11,14,7,4,63,54,78,8,0,15,13,1,4,15,2,1
125,193,59,132,2,1,3,2,1,1,1,2,1,2,3,6,1,3,1,1,8,6,3,38,13,18,12,0,55,70,51,0,0,22,13,1,4,58,2,0
128,24,44,195,2,1,3,2,1,1,1,2,1,2,3,6,5,4,4,1,8,7,3,23,15,18,7,42,58,51,23,0,0,20,8,5,4,58,2,0
129,22,44,195,2,1,3,2,1,1,1,2,1,2,3,6,5,4,4,1,11,7,3,16,11,18,2,42,48,51,23,0,0,15,8,5,4,58,2,0
127,19,44,195,2,1,3,2,1,2,1,2,1,2,3,6,5,4,4,1,15,10,10,28,17,18,12,42,60,51,23,0,0,22,13,5,4,58,2,1
127,14,44,195,2,1,3,2,1,2,1,2,1,2,3,6,1,4,4,1,15,10,10,31,13,18,7,27,60,57,31,0,0,22,13,5,4,58,2,1
129,312,65,177,2,1,3,2,1,1,1,2,1,1,3,7,1,4,1,1,6,7,20,28,16,11,12,0,58,57,83,0,0,15,10,1,4,58,2,0
122,314,5,179,2,1,3,2,1,1,1,2,1,1,3,7,1,4,1,0,3,10,6,53,11,11,17,0,63,57,83,0,0,22,13,3,4,49,2,0
130,165,44,195,2,1,3,2,1,2,1,2,1,2,4,2,1,4,3,1,7,9,3,40,31,11,10,106,57,9,28,0,0,21,10,5,4,58,2,1
130,160,44,195,2,1,3,2,1,2,1,2,1,2,4,2,5,4,3,1,7,9,3,48,32,11,12,113,57,6,26,0,0,24,10,5,4,58,2,1
130,274,61,25,3,1,3,2,1,2,3,2,1,2,3,4,1,4,0,1,11,9,8,18,19,10,4,39,21,40,55,0,0,22,8,4,4,74,2,1
130,380,61,25,3,1,3,2,1,2,3,2,1,2,3,4,4,4,0,0,8,9,3,16,10,10,2,45,21,35,58,5,0,22,12,4,4,67,2,1
131,247,66,177,2,1,3,2,1,1,1,2,1,1,3,7,1,4,0,1,8,12,12,53,19,11,17,0,76,57,83,8,0,22,13,1,4,21,2,0
132,169,3,37,2,1,3,2,1,1,1,2,1,2,2,1,0,2,0,1,3,7,3,33,5,16,36,0,13,71,47,0,0,4,18,4,4,58,2,1
136,215,59,130,2,1,3,2,1,1,1,2,1,2,4,2,1,3,1,0,11,3,20,28,21,10,12,35,27,54,27,0,0,22,21,1,4,34,2,0
119,153,8,105,3,1,3,2,1,2,3,2,1,2,4,3,1,4,0,1,8,8,8,40,37,18,10,0,20,57,83,5,0,29,10,7,4,30,2,1
134,158,8,105,3,1,3,2,1,2,3,2,1,2,4,3,5,4,3,1,5,8,3,28,23,18,13,39,20,40,55,8,0,22,13,7,4,30,2,1
133,144,56,215,2,1,3,2,1,2,1,2,1,2,4,2,5,2,3,1,7,9,10,28,26,11,16,0,11,70,51,0,0,26,13,0,4,30,2,1
133,142,56,215,2,1,3,2,1,2,1,2,1,2,4,2,1,2,3,0,6,9,10,40,21,18,14,35,11,54,27,0,0,29,13,0,4,30,2,1
132,169,3,37,2,1,3,2,1,1,1,2,1,2,2,1,0,2,3,1,3,7,3,33,5,16,36,0,13,67,58,0,0,4,18,4,4,58,2,1
135,313,55,123,2,1,3,2,1,1,1,2,1,2,3,5,5,4,1,0,15,8,3,40,23,16,12,0,69,44,102,15,0,15,13,1,4,34,2,1
135,268,55,123,2,1,3,2,1,1,1,2,1,2,3,5,1,4,1,0,15,8,10,46,21,14,12,0,69,44,102,15,0,9,21,1,4,34,2,1
135,316,42,129,2,1,3,2,1,2,1,2,1,2,3,6,1,4,3,1,21,8,8,38,0,11,6,4,18,54,78,0,0,8,22,3,4,30,2,1
135,275,42,129,2,1,3,2,1,2,1,2,1,2,3,6,5,4,3,1,17,8,6,50,1,11,2,41,18,46,37,0,0,11,8,3,4,30,2,1
134,268,55,123,2,1,3,2,1,1,1,2,1,2,3,5,1,4,0,0,15,8,10,53,28,14,17,0,71,57,83,0,0,7,8,1,4,34,2,1
136,13,15,202,2,1,3,2,1,1,1,2,1,2,3,4,1,4,1,1,1,3,3,4,16,10,7,0,27,51,94,0,0,22,11,1,4,30,2,1
136,17,15,202,2,1,3,2,1,1,1,2,1,2,3,4,4,4,1,1,1,3,6,16,11,10,7,0,27,57,83,10,0,11,12,1,4,30,2,1
139,157,44,196,2,1,3,2,1,2,3,2,1,2,4,3,5,4,4,1,8,11,12,39,19,7,16,8,55,65,43,0,0,21,18,5,4,34,2,1
140,345,7,106,3,1,3,2,1,2,3,2,1,2,3,6,1,4,3,1,11,6,12,53,19,11,0,81,2,25,32,0,0,22,13,9,4,18,2,0
140,383,7,191,3,1,3,2,1,2,3,2,1,2,3,6,1,4,3,1,13,6,6,48,13,11,2,81,5,25,32,8,0,22,13,9,4,18,2,0
138,264,60,134,2,1,2,2,1,1,1,2,1,1,3,5,1,4,1,0,8,11,3,28,9,11,10,0,35,57,83,0,0,4,13,3,4,34,2,1
138,385,60,134,2,1,2,2,1,1,1,2,1,1,3,5,5,4,1,1,8,11,8,48,9,16,7,0,35,57,83,0,0,4,13,3,4,31,2,1
137,205,59,130,2,1,3,2,1,1,1,2,1,2,4,2,5,3,1,1,8,0,6,57,26,10,12,0,55,70,51,0,0,22,12,1,4,31,2,1
134,313,55,123,2,1,3,2,1,1,1,2,1,2,3,5,5,4,1,0,15,8,3,53,25,22,17,0,71,44,102,0,0,15,10,1,4,34,2,1
136,143,56,215,2,1,3,2,1,2,1,2,1,2,1,0,4,2,3,1,6,3,15,1,3,11,25,19,11,57,42,0,0,16,13,0,4,31,2,1
136,145,56,215,2,1,3,2,1,2,1,2,1,2,1,0,1,2,3,1,6,3,16,40,11,11,29,0,11,70,51,0,0,26,21,0,4,31,2,1
138,360,61,26,3,1,3,2,1,2,3,2,1,2,3,4,4,4,3,1,15,11,3,24,2,10,7,61,42,31,45,5,0,21,10,0,4,18,2,0
145,12,44,200,3,1,3,2,1,2,3,2,1,2,3,6,1,4,5,0,8,12,12,64,19,16,12,47,58,41,40,16,0,20,13,7,4,21,2,0
144,24,44,200,3,1,3,2,1,2,3,2,1,1,3,6,5,4,5,3,8,12,13,22,17,11,0,36,55,28,83,3,0,24,20,7,4,21,2,0
142,18,44,200,3,1,3,2,1,2,3,2,1,2,3,6,1,4,5,0,8,4,6,28,18,11,2,51,55,29,60,0,0,22,13,7,4,34,2,1
142,21,44,200,3,1,3,2,1,2,3,2,1,2,3,6,5,4,5,0,8,4,3,28,20,11,2,71,55,22,66,0,0,22,13,7,4,34,2,1
149,23,44,200,1,1,3,2,1,2,3,2,1,2,3,6,1,4,5,1,28,8,8,19,9,11,1,0,55,70,51,0,0,22,16,7,4,49,2,0
146,16,44,200,1,1,3,2,1,2,3,2,1,2,3,6,1,4,5,0,28,13,6,16,21,11,12,0,55,70,51,0,0,32,32,7,4,64,2,0
151,23,44,36,1,1,3,2,1,2,3,2,1,1,3,6,1,4,5,1,28,5,8,47,13,18,8,0,55,70,51,0,0,22,13,7,4,49,2,0
151,370,44,200,3,1,3,2,1,2,3,2,1,2,3,5,5,4,5,1,8,5,13,60,26,9,12,0,51,70,51,8,0,13,20,7,4,49,2,0
141,27,44,188,2,1,3,2,1,2,1,2,1,2,3,4,4,4,0,1,10,6,10,16,11,10,2,7,42,51,73,8,0,22,8,5,4,18,2,1
143,307,24,108,2,1,3,2,1,1,1,2,1,2,3,7,5,4,1,0,6,4,3,44,25,18,12,0,58,70,51,8,0,15,12,1,4,9,2,1
147,56,49,246,2,1,3,2,1,1,3,2,1,2,2,1,5,2,3,0,6,10,10,18,6,18,36,0,20,61,76,0,0,23,13,7,4,64,2,1
148,234,49,246,2,1,3,2,1,2,3,2,3,2,1,0,1,2,3,0,15,8,12,17,9,11,32,37,45,35,68,0,1,29,18,7,4,64,2,1
147,30,49,246,2,1,3,2,1,2,3,2,1,2,4,3,1,2,3,0,25,10,3,34,21,7,16,92,34,6,74,11,0,22,13,7,4,64,2,1
150,340,5,180,2,1,3,2,1,1,1,2,1,2,3,4,1,4,1,0,18,2,8,40,16,10,2,25,48,44,63,0,0,3,9,3,4,64,2,1
141,28,44,196,2,1,3,2,1,2,1,2,1,2,3,4,1,4,0,1,10,6,3,16,21,10,2,37,42,35,68,0,0,17,12,5,4,18,2,1
147,76,49,246,3,1,3,2,1,2,3,2,1,2,2,1,0,2,3,0,17,10,3,32,13,11,36,74,27,28,38,0,0,22,13,7,4,64,2,1
147,71,49,246,2,1,3,2,1,1,3,2,1,2,2,1,6,2,3,0,6,10,3,31,4,18,36,0,20,61,76,0,0,20,12,7,4,64,2,1
147,80,49,246,3,1,3,2,1,2,3,2,1,2,2,1,2,2,3,0,17,10,6,40,9,11,36,0,27,57,83,8,0,20,10,7,4,64,2,1
154,14,44,197,2,1,3,2,1,2,1,2,1,2,4,3,5,4,0,0,14,8,13,23,15,11,5,50,51,49,20,5,0,2,2,5,4,34,2,0
152,80,49,246,3,1,3,2,1,2,3,2,1,2,2,1,2,2,3,0,17,2,6,16,14,11,36,53,27,35,49,0,0,20,13,7,4,64,2,1
149,180,49,246,3,1,3,2,1,2,3,2,1,2,2,1,5,2,3,0,17,8,8,30,17,7,13,32,31,41,60,0,0,22,21,7,4,64,2,1
153,283,44,197,2,1,3,2,1,2,1,2,1,2,3,7,5,4,4,0,8,9,3,43,19,17,12,25,45,44,63,0,0,15,13,5,4,34,2,1
152,76,49,246,3,1,3,2,1,2,3,2,1,2,2,1,0,2,3,3,17,2,3,28,7,11,36,78,27,44,92,0,0,21,10,7,4,21,2,1
155,57,44,197,2,1,3,2,1,2,1,2,1,2,3,6,1,4,0,0,8,8,13,48,13,10,2,50,55,49,20,8,0,22,5,5,4,34,2,1
155,84,44,197,2,1,3,2,1,2,1,2,1,2,3,6,5,4,0,0,8,8,13,43,11,10,2,66,55,44,15,8,0,13,12,5,4,34,2,1
156,318,55,124,2,1,3,2,1,1,1,2,1,2,3,5,5,4,1,0,8,8,8,40,21,9,12,25,51,44,63,0,0,18,18,1,4,34,2,1
156,353,61,27,3,1,3,2,1,2,3,2,1,2,3,4,4,4,3,1,11,10,20,25,16,10,12,85,39,24,28,5,0,9,6,4,4,34,2,0
158,96,41,229,2,1,3,2,1,2,1,2,1,2,4,3,1,4,0,3,21,14,12,27,18,11,9,0,31,57,83,0,0,22,8,3,4,38,2,1
160,373,61,28,3,1,3,2,1,2,3,2,1,1,3,4,4,4,0,0,18,14,8,2,11,10,12,25,42,44,63,0,0,22,12,4,4,52,2,0
157,281,61,27,3,1,3,2,1,2,3,2,1,2,3,4,1,4,0,1,11,10,20,30,16,10,2,85,42,24,28,0,0,10,12,4,4,34,2,1
158,99,41,229,2,1,3,2,1,2,1,2,1,2,4,3,5,4,0,0,18,14,3,36,15,11,6,0,31,57,83,0,0,22,22,3,4,38,2,1
159,325,44,197,2,1,3,2,1,1,1,2,1,2,3,7,1,4,0,1,8,14,6,32,15,18,16,0,55,70,51,0,0,18,13,5,4,21,2,1
159,305,44,197,2,1,3,2,1,1,1,2,1,2,3,7,5,4,0,1,8,14,6,52,19,17,12,0,55,70,51,0,0,21,12,5,4,21,2,1
163,390,61,29,3,1,3,2,1,2,3,2,1,2,3,4,4,4,3,1,10,11,10,16,18,10,22,89,48,23,24,12,0,9,10,4,4,21,2,0
164,392,65,178,2,1,2,2,1,1,1,2,1,2,3,7,0,4,1,1,6,9,3,34,39,16,12,0,63,35,110,0,0,0,1,1,4,21,2,0
162,260,7,118,3,1,3,2,1,2,3,2,1,1,3,6,1,4,3,0,9,9,10,28,21,21,2,94,5,22,21,0,0,22,2,7,4,67,2,1
162,387,7,118,3,1,3,2,1,2,3,2,1,1,3,6,5,4,3,0,11,9,10,34,16,21,2,81,5,25,32,0,0,22,21,7,4,67,2,1
165,264,55,125,2,1,3,2,1,1,1,2,1,2,3,5,1,4,1,0,15,8,10,40,11,14,12,13,76,49,72,0,0,22,10,1,4,31,2,1
165,324,55,125,2,1,3,2,1,1,1,2,1,2,3,5,5,4,1,0,12,8,8,40,21,9,12,50,76,25,75,0,0,22,15,1,4,31,2,1
161,337,19,210,2,1,3,2,1,1,1,2,1,2,3,5,1,4,1,1,6,13,6,40,17,14,12,48,51,23,86,0,0,22,16,1,4,34,2,1
161,359,19,210,2,1,3,2,1,1,1,2,1,2,3,5,5,4,1,1,6,13,6,40,27,9,12,91,51,8,67,0,0,22,21,1,4,34,2,1
163,190,59,131,2,1,3,2,1,2,1,2,1,2,3,6,1,3,1,1,6,8,6,16,16,21,2,39,82,40,55,0,0,22,24,3,4,52,2,1
163,1,59,131,2,1,3,2,1,2,1,2,1,2,3,6,5,3,1,1,7,8,6,16,21,21,2,29,82,29,87,0,0,29,21,3,4,52,2,1
166,31,9,214,2,1,3,2,1,2,1,2,1,2,2,1,0,2,3,0,8,9,3,28,9,11,36,0,42,57,83,0,0,24,8,5,4,31,2,1
166,219,9,214,2,1,3,2,1,2,1,2,1,2,2,1,2,2,3,0,8,9,6,34,9,11,36,25,42,44,63,0,0,9,5,5,4,31,2,1
182,197,59,132,2,1,3,2,1,1,1,2,1,2,3,6,1,3,1,0,13,33,15,16,19,11,4,0,51,70,51,0,0,17,22,3,4,31,2,0
176,113,24,109,2,1,3,2,1,1,1,2,1,1,4,3,1,4,1,0,8,25,6,28,19,18,10,0,74,63,73,7,0,22,13,1,4,52,2,0
177,66,49,247,3,1,3,2,1,1,1,2,1,1,2,1,5,2,3,0,18,20,10,46,39,18,36,0,31,57,83,0,0,32,32,7,4,52,2,0
177,199,59,132,2,1,3,2,1,1,1,2,1,2,4,2,1,3,1,0,8,20,16,34,33,11,4,53,24,35,49,3,0,28,18,3,4,52,2,0
178,199,59,132,2,1,3,2,1,1,1,2,1,2,4,2,1,3,1,0,8,17,20,40,27,11,8,53,54,35,49,3,0,28,18,3,4,21,2,0
178,301,30,4,3,1,3,2,1,2,2,2,1,2,3,4,4,4,0,0,10,17,15,15,17,10,7,0,45,24,113,0,0,22,12,7,4,52,2,0
180,379,61,32,3,1,3,2,1,2,3,2,1,2,3,4,4,4,1,0,15,21,8,31,17,10,7,13,43,49,72,5,0,22,10,4,4,31,2,0
181,356,61,32,3,1,3,2,1,2,3,2,1,2,3,4,4,4,3,0,11,22,8,16,17,11,2,13,45,46,75,5,0,15,10,4,4,31,2,0
183,286,60,139,2,1,2,2,1,1,1,2,1,1,3,5,1,4,1,0,12,32,15,40,15,14,19,0,51,57,83,5,0,22,15,3,4,31,2,1
183,340,60,136,2,1,2,2,1,1,1,2,1,2,3,5,5,4,1,0,12,32,12,40,23,9,12,5,51,25,21,0,0,22,15,3,4,31,2,1
179,174,49,247,3,1,3,2,1,2,3,2,1,2,2,1,2,2,3,0,15,17,10,53,10,11,36,0,35,57,83,0,0,18,12,7,4,52,2,1
180,238,49,247,3,1,3,2,1,2,3,2,1,1,1,0,4,2,3,0,15,20,6,8,15,10,36,20,29,61,34,3,0,29,24,7,4,21,2,1
180,181,49,247,3,1,3,2,1,2,3,2,1,1,1,0,1,2,3,0,15,20,6,14,11,10,26,58,29,27,62,0,0,29,13,7,4,21,2,1
179,15,49,247,3,1,3,2,1,2,3,2,1,2,2,1,0,2,3,0,15,17,8,36,12,11,36,110,35,16,13,0,0,22,6,7,4,52,2,1
167,91,5,181,2,1,3,2,1,1,1,2,1,2,4,2,1,4,1,1,3,28,10,4,35,18,11,0,45,46,100,0,0,22,13,1,4,67,2,0
168,92,64,190,2,1,3,2,1,1,1,2,1,2,4,2,1,4,1,1,15,25,8,11,27,20,10,0,20,74,36,0,0,22,13,3,4,49,2,0
169,328,61,30,3,1,3,2,1,2,3,2,1,1,3,4,4,4,3,1,18,18,10,19,13,10,7,117,42,11,9,3,0,21,12,4,4,31,2,0
173,126,64,190,2,1,3,2,1,1,1,2,1,1,4,2,1,4,1,0,6,21,10,32,21,11,2,0,51,80,2,0,0,22,17,3,4,52,2,0
173,376,32,223,3,1,3,2,1,2,3,2,1,1,3,4,4,4,3,1,18,21,6,28,25,10,7,94,48,29,6,8,0,15,6,4,4,31,2,0
171,367,61,27,3,1,3,2,1,2,3,2,1,1,3,4,4,4,3,0,18,14,3,28,19,10,2,95,51,18,30,0,0,22,11,4,4,49,2,0
173,243,49,247,3,1,3,2,1,2,3,2,1,2,1,0,1,2,3,0,15,15,3,37,31,11,29,0,12,70,51,0,0,29,19,7,4,49,2,1
173,38,49,247,3,1,3,2,1,2,3,2,1,2,1,0,4,2,3,0,15,15,3,34,15,11,33,20,12,61,34,7,0,29,13,7,4,49,2,1
174,393,60,135,2,1,2,2,1,1,1,2,1,2,3,5,5,4,1,1,6,21,6,40,23,9,10,25,58,46,57,0,0,11,4,1,4,31,2,1
174,293,60,135,2,1,2,2,1,1,1,2,1,2,3,5,1,4,1,1,6,21,3,28,21,14,20,46,58,37,52,12,0,11,13,1,4,21,2,1
170,295,5,182,2,1,3,2,1,1,1,2,1,2,3,5,1,4,1,1,8,15,3,40,9,14,12,0,76,57,83,12,0,22,21,3,4,31,2,1
170,276,5,244,2,1,3,2,1,1,1,2,1,2,3,5,5,4,1,1,8,15,6,40,11,9,12,0,76,57,83,12,0,9,5,3,4,31,2,1
168,29,44,39,2,1,3,2,1,2,1,2,1,2,3,6,1,4,0,0,28,24,6,19,21,18,2,25,82,44,63,0,0,15,29,3,4,49,2,1
168,25,44,39,2,1,3,2,1,2,1,2,1,2,3,6,5,4,0,1,7,24,6,40,16,11,2,16,82,40,84,0,0,22,21,3,4,49,2,1
167,83,9,214,2,1,3,2,1,2,1,2,1,2,4,3,5,2,3,1,8,19,3,38,17,7,19,25,40,44,63,0,0,22,21,5,4,31,2,1
167,72,9,214,2,1,3,2,1,2,2,2,1,2,4,3,1,2,3,1,8,19,3,33,19,7,16,26,40,49,46,0,0,22,15,5,4,31,2,1
173,273,32,223,3,1,3,2,1,2,3,2,1,1,3,4,1,4,3,1,18,10,8,34,20,10,2,94,48,40,21,8,0,22,13,4,4,21,2,1
175,265,61,31,3,1,3,2,1,2,3,2,1,1,3,4,4,4,3,0,16,29,15,34,23,10,12,0,45,79,4,8,0,22,12,4,4,31,2,0
172,107,24,109,2,1,3,2,1,1,1,2,1,1,4,3,5,4,1,0,8,21,6,48,20,7,10,0,71,64,72,0,0,22,21,1,4,49,2,0
190,263,24,110,2,1,3,2,1,1,1,2,1,2,3,5,1,4,1,0,11,19,12,34,17,14,12,25,68,44,63,5,0,22,18,1,4,49,2,1
189,380,44,198,2,1,3,2,1,2,1,2,1,2,3,7,1,4,4,0,13,33,15,40,21,11,12,0,68,57,83,0,0,9,13,5,4,49,2,1
189,323,44,198,2,1,3,2,1,2,1,2,1,2,3,7,5,4,4,0,13,33,13,40,21,11,12,0,68,29,112,0,0,9,9,5,4,49,2,1
190,261,24,110,2,1,3,2,1,1,1,2,1,2,3,5,5,4,1,0,11,19,14,34,15,9,20,61,68,31,45,5,0,22,23,1,4,49,2,1
188,20,44,198,2,1,3,2,1,2,1,2,1,1,3,6,1,4,1,1,7,35,12,27,5,11,10,13,20,51,65,0,0,22,13,7,4,55,2,1
188,26,44,198,2,1,3,2,1,2,1,2,1,2,3,6,5,4,1,1,7,35,15,28,6,11,7,23,20,40,74,0,0,20,12,7,4,52,2,1
186,338,64,192,2,1,3,2,1,1,1,2,1,2,3,5,1,4,1,1,13,25,15,23,15,14,2,46,27,37,52,0,0,15,21,5,4,67,2,1
184,279,55,213,2,1,3,1,1,1,1,2,1,2,3,7,5,4,1,0,8,27,10,40,25,17,10,0,63,57,83,8,0,22,6,1,4,49,2,1
184,312,55,126,2,1,3,2,1,1,1,2,1,2,3,7,1,4,1,0,8,27,8,40,25,17,14,0,63,57,83,8,0,8,13,1,4,49,2,1
175,107,24,109,2,1,3,2,1,1,1,2,1,2,4,3,5,4,1,0,8,29,3,34,26,18,8,0,76,57,83,0,0,22,13,1,4,31,2,1
175,113,24,109,2,1,3,2,1,1,1,2,1,2,4,3,1,4,1,0,8,29,6,28,23,11,13,0,76,63,73,7,0,22,13,1,4,52,2,1
187,174,49,247,3,1,3,2,1,2,3,2,1,1,1,0,4,2,3,0,15,34,14,53,23,11,29,0,35,70,51,0,0,29,13,7,4,49,2,0
186,334,64,192,2,1,3,2,1,1,1,2,1,1,3,5,5,4,1,1,15,25,15,40,17,9,10,25,27,44,63,0,0,4,5,5,4,67,2,1
184,160,37,217,2,1,3,2,1,1,1,2,1,2,4,2,1,4,0,0,15,27,15,33,38,11,7,62,42,19,84,0,0,26,18,3,4,67,2,1
184,163,37,217,2,1,3,2,1,1,1,2,1,2,4,2,5,4,0,1,15,27,15,27,37,11,8,65,53,24,64,0,0,26,10,3,4,67,2,1
185,71,49,247,3,1,3,2,1,2,3,2,1,2,2,1,0,2,3,0,15,33,14,9,11,22,36,109,35,14,15,0,0,22,13,7,4,49,2,0
189,398,44,189,2,1,3,2,1,2,1,2,1,2,4,2,5,4,4,1,6,33,15,30,31,16,12,28,20,61,23,3,0,22,13,5,4,55,2,0
193,90,64,203,2,1,3,2,1,1,1,2,1,2,4,3,1,4,0,0,28,21,10,41,25,3,12,22,67,31,91,10,0,29,10,1,4,67,2,1
193,110,64,203,2,1,3,2,1,1,1,2,1,2,4,3,5,4,0,3,5,21,14,29,20,4,10,22,67,31,91,0,0,13,5,1,4,49,2,1
194,337,5,183,2,1,3,2,1,1,1,2,1,2,3,7,1,4,1,0,8,21,10,53,23,11,12,0,79,31,111,0,0,15,13,3,4,34,2,1
194,388,64,183,2,1,3,2,1,1,1,2,1,2,3,7,5,4,1,0,3,21,9,53,13,11,12,0,79,31,111,0,0,15,13,3,4,34,2,1
195,123,64,203,2,1,3,2,1,1,1,2,1,2,4,2,1,4,1,0,3,34,10,40,38,11,17,0,57,70,51,0,0,25,13,3,4,21,2,1
195,280,55,127,2,1,3,2,1,1,1,2,1,2,3,6,1,4,1,0,11,34,8,36,13,11,3,25,77,44,63,0,0,27,15,1,4,34,2,1
195,377,55,212,2,1,3,2,1,1,1,2,1,2,3,6,5,4,1,0,11,34,8,43,17,11,4,25,77,44,63,0,0,24,8,1,4,34,2,1
195,121,64,203,2,1,3,2,1,1,1,2,1,1,4,2,5,4,1,0,5,34,3,34,35,11,12,1,57,31,91,0,0,22,13,3,4,21,2,1
201,382,64,204,2,1,3,2,1,1,1,2,1,1,3,5,1,4,1,0,28,31,3,28,23,14,12,35,51,54,27,10,0,22,12,1,4,31,2,0
200,138,47,218,3,1,3,2,1,2,3,2,1,1,4,3,5,2,3,0,11,30,10,46,19,11,14,13,35,49,72,8,0,22,13,4,4,49,2,0
199,203,58,116,3,1,3,2,1,2,3,2,1,2,4,3,1,3,3,0,8,33,10,16,29,11,14,0,41,63,73,7,0,22,13,7,4,31,2,0
198,360,64,187,2,1,3,2,1,2,1,2,1,2,3,5,5,4,1,0,8,29,3,48,23,9,12,7,51,51,74,0,0,7,10,1,4,49,2,0
197,147,16,173,3,1,3,2,1,2,2,2,1,2,4,2,1,2,3,0,8,30,8,44,20,10,12,0,20,70,51,8,0,22,13,6,4,49,2,0
196,223,33,222,3,1,3,2,1,2,3,2,1,2,2,1,0,2,3,0,15,31,6,40,28,18,36,66,23,44,15,0,0,22,13,4,4,21,2,0
192,400,44,198,2,1,3,2,1,2,1,2,1,2,4,2,5,4,3,1,6,27,15,23,35,18,17,0,51,72,44,0,0,22,13,5,4,55,2,0
192,304,24,110,2,1,3,2,1,1,1,2,1,1,3,5,1,4,1,0,8,27,20,40,21,14,20,0,68,70,51,0,0,22,8,1,4,67,2,0
191,4,44,198,2,1,3,2,1,2,1,2,1,2,3,6,5,4,3,0,10,23,15,28,17,18,2,23,55,40,74,0,0,22,13,5,4,38,2,0
204,175,49,248,3,1,3,2,1,1,1,2,1,2,2,1,5,2,3,0,15,29,6,57,5,18,36,0,5,70,51,0,0,29,13,7,4,49,2,0
204,51,49,248,3,1,3,2,1,1,1,2,1,2,2,1,6,2,0,0,15,29,3,40,27,11,36,0,5,57,82,0,0,22,13,7,4,49,2,0
202,150,47,218,3,1,3,2,1,2,3,2,1,2,4,3,1,2,1,0,21,31,3,23,26,3,36,0,82,69,53,0,0,22,13,4,4,49,2,0
203,330,64,205,2,1,3,2,1,1,1,2,1,1,3,5,5,4,1,0,8,29,6,33,29,9,6,17,46,43,73,5,0,15,18,1,4,49,2,1
203,371,64,205,2,1,3,2,1,1,1,2,1,1,3,5,1,4,1,0,8,29,3,40,17,14,5,20,46,61,34,7,0,15,8,1,4,49,2,1
12,82,49,240,3,1,3,2,1,2,3,2,1,2,4,3,5,2,3,0,13,28,10,47,25,7,9,111,45,1,55,10,0,23,3,7,1,12,2,0
9,48,49,240,3,1,3,2,1,2,3,2,3,2,4,3,5,2,3,0,15,15,10,23,25,3,6,111,20,1,55,0,0,30,6,7,1,37,2,0
11,171,49,240,3,1,3,2,1,2,3,2,1,2,2,1,0,2,3,0,15,13,6,4,21,19,36,102,35,17,19,0,0,24,6,7,1,21,2,0
14,136,6,58,3,1,3,2,1,2,3,2,3,2,4,2,5,2,3,1,16,19,18,40,23,16,4,89,81,23,25,0,0,22,14,9,4,12,2,0
2,191,59,70,2,1,3,2,1,1,1,2,1,1,3,6,1,3,1,0,8,6,6,16,20,11,2,0,23,67,58,10,0,31,23,3,1,17,2,1
4,164,64,142,2,1,3,2,1,1,1,2,1,2,4,2,5,4,1,0,11,7,6,28,17,11,12,0,64,57,83,0,0,22,13,1,2,21,2,1
4,157,64,142,2,1,3,2,1,1,1,2,1,2,4,2,1,4,1,0,11,7,6,40,25,10,10,0,64,40,107,0,0,22,13,1,2,21,2,1
18,60,50,165,3,1,3,2,1,2,3,2,1,2,1,0,4,2,3,1,18,19,8,28,11,10,34,13,27,49,72,0,0,4,4,8,4,37,2,1
18,73,50,165,3,1,3,2,1,2,2,2,1,1,1,0,1,2,3,1,20,19,8,34,21,10,31,0,27,70,51,0,0,29,5,8,4,37,2,1
8,186,49,240,2,1,3,2,1,1,1,2,1,2,2,1,5,2,3,0,8,19,6,35,30,18,36,4,35,54,78,0,0,22,6,7,1,37,2,1
1,103,24,84,2,1,3,2,1,1,1,2,1,2,4,2,1,4,3,0,8,3,10,40,33,10,7,3,51,37,106,0,0,22,14,1,1,21,2,1
15,45,40,158,2,1,3,2,1,2,1,2,1,2,4,2,0,2,1,1,15,25,10,16,16,10,15,0,55,75,26,0,0,0,1,5,4,17,2,0
5,105,11,83,3,1,3,2,1,2,3,2,3,2,4,3,5,4,3,0,11,14,3,40,13,5,19,85,31,24,28,0,0,22,2,6,1,17,2,0
4,59,26,164,3,1,3,2,1,2,3,2,1,2,2,1,2,2,3,0,21,8,14,28,35,18,36,52,20,31,54,0,2,22,13,7,2,21,2,0
1,291,61,7,3,1,3,2,1,2,3,2,1,1,3,4,4,4,3,1,13,6,12,57,15,7,12,98,51,7,56,5,0,22,13,7,1,21,2,0
3,237,26,164,3,1,3,2,1,2,3,2,1,2,1,0,1,2,3,0,13,17,8,20,38,11,31,70,27,35,29,0,0,29,13,7,1,21,2,0
18,213,59,71,2,1,3,2,1,1,1,2,1,2,4,3,5,3,1,1,7,19,10,23,21,18,2,64,76,40,26,0,0,22,4,1,4,37,2,1
18,200,59,71,2,1,3,2,1,1,1,2,1,2,4,3,1,3,1,1,17,19,8,24,23,22,14,61,76,31,45,0,0,22,5,1,4,21,2,1
13,339,64,143,2,1,3,2,1,1,1,2,1,2,3,6,1,4,1,0,11,20,10,28,16,11,7,0,71,62,74,0,0,15,28,1,1,11,2,1
6,195,59,70,2,1,3,2,1,2,1,2,1,1,3,6,5,4,1,0,8,13,10,28,23,18,17,0,36,60,78,0,0,9,21,2,1,21,2,1
6,188,59,70,2,1,3,2,1,2,1,2,1,1,3,6,1,4,1,0,8,13,12,28,16,18,12,0,36,67,58,0,0,22,31,3,1,33,2,1
7,231,49,240,3,1,3,2,1,2,3,2,1,1,1,0,4,2,3,0,15,17,3,16,21,11,34,17,35,41,78,0,0,22,13,7,1,21,2,0
8,171,49,240,3,1,3,2,1,2,3,2,1,2,2,1,0,2,3,0,18,19,6,6,20,18,36,102,35,17,19,0,0,16,6,7,1,21,2,1
8,244,49,240,2,1,3,2,1,1,1,2,1,2,2,1,6,2,3,0,8,19,8,21,28,18,36,18,35,46,67,0,0,22,13,7,1,14,2,1
8,245,49,240,3,1,3,2,1,2,3,2,1,2,1,0,1,2,3,0,27,19,3,23,23,11,29,6,51,48,86,0,0,29,12,7,1,21,2,1
8,179,49,240,3,1,3,2,1,2,3,2,1,2,2,1,2,2,3,0,13,19,3,42,10,18,36,12,35,43,82,0,0,22,12,7,0,37,2,1
10,81,49,240,3,1,3,2,1,2,3,2,1,2,4,3,1,2,3,0,21,15,10,28,13,11,12,90,35,7,72,3,0,29,5,7,1,21,2,0
13,365,60,92,2,1,2,2,1,1,1,3,1,2,3,5,5,4,1,0,15,13,12,38,11,22,12,0,51,57,83,10,0,22,16,1,1,21,2,1
13,352,60,92,2,1,2,2,1,1,1,2,1,2,3,5,1,4,3,0,15,13,6,34,9,14,12,0,51,50,95,14,0,9,13,1,1,21,2,1
8,182,39,170,2,1,3,2,1,1,1,2,1,2,4,2,5,2,1,0,8,19,6,28,21,11,10,0,45,57,83,0,0,22,16,1,1,21,2,1
8,170,39,170,2,1,3,2,1,1,1,2,1,2,4,2,1,2,1,0,8,19,10,28,29,11,10,0,45,57,83,0,0,22,16,1,1,21,2,1
18,272,61,8,3,1,3,2,1,2,3,2,1,1,3,4,4,4,3,1,8,19,12,18,21,22,2,118,48,1,18,7,0,22,10,7,4,37,2,1
17,80,51,165,3,2,3,2,1,2,2,2,1,1,1,0,1,2,3,3,15,30,20,53,39,10,30,25,31,43,63,0,0,29,6,8,4,21,2,0
24,368,33,43,3,1,3,2,1,2,2,2,1,1,3,4,4,4,3,0,17,27,16,23,36,11,2,0,53,57,83,0,0,15,13,6,2,21,2,0
16,74,50,165,3,1,3,2,1,2,3,2,1,1,1,0,1,2,3,0,15,21,3,20,41,11,35,0,27,43,103,0,0,29,13,8,2,21,2,0
19,42,40,159,2,1,3,2,1,1,1,2,1,0,2,1,3,2,4,1,13,27,12,28,25,22,36,25,82,46,57,0,0,22,13,5,4,12,2,1
19,88,40,159,2,1,3,2,1,1,1,2,1,0,2,1,0,2,4,1,13,27,20,28,21,22,36,25,82,46,57,0,0,22,13,5,4,17,2,1
23,201,59,72,2,1,3,2,1,1,1,2,1,2,4,2,5,3,1,0,3,23,16,39,22,10,12,0,60,70,51,14,0,22,13,1,2,1,2,1
23,207,59,72,2,1,3,2,1,1,1,2,1,2,4,2,1,3,1,0,3,23,12,46,19,10,12,0,60,57,83,14,0,22,13,1,2,1,2,1
21,344,64,168,2,1,3,2,1,1,1,2,1,2,3,5,1,4,1,0,3,16,10,40,11,14,2,0,68,57,83,0,0,9,6,1,2,37,2,1
21,342,64,168,2,1,3,2,1,1,1,3,1,2,3,5,5,4,1,0,3,16,12,40,17,16,7,104,68,5,57,7,0,6,5,1,2,37,2,1
23,391,64,144,2,1,3,2,1,1,1,2,1,2,3,6,5,4,1,0,3,23,17,28,38,11,12,0,71,57,83,11,0,19,13,1,2,21,2,1
23,396,64,144,2,1,3,2,1,1,1,2,1,2,3,6,1,4,1,0,3,23,17,28,37,11,12,0,71,57,83,11,0,29,9,1,2,21,2,1
18,97,17,141,3,1,3,2,1,1,3,2,1,1,4,2,5,4,1,0,17,19,16,46,31,11,19,0,45,70,60,0,0,28,15,3,2,21,2,1
18,93,17,141,3,1,3,2,1,1,3,2,1,1,4,2,1,4,1,0,19,19,6,28,23,11,19,0,45,57,83,0,0,15,13,3,2,21,2,1
18,366,61,8,3,2,3,2,1,2,3,2,3,2,3,4,1,4,3,3,8,19,20,24,26,22,2,113,48,6,26,0,0,22,10,7,4,21,2,1
22,10,22,56,3,1,3,2,1,2,3,2,1,2,2,1,0,2,6,0,15,18,10,40,6,11,36,89,5,23,25,0,0,22,13,0,2,5,2,1
22,87,22,56,3,1,3,2,1,2,3,2,1,2,2,1,3,2,6,0,15,18,10,48,31,11,36,68,5,28,48,0,0,22,8,0,2,21,2,1
26,129,28,163,3,1,3,2,1,2,2,2,1,2,1,0,4,2,3,0,15,24,14,4,33,10,28,0,5,57,83,0,0,29,15,7,2,21,2,0
27,37,14,227,3,1,3,2,1,2,3,2,1,1,4,2,5,2,3,0,20,20,12,16,27,11,12,76,35,24,47,0,0,28,12,4,2,21,2,1
27,224,14,227,3,1,3,2,1,2,3,2,1,1,4,2,1,2,3,0,18,20,10,4,27,11,10,80,35,22,50,0,0,29,10,4,2,21,2,1
20,50,12,166,1,2,3,2,1,1,1,2,1,2,4,2,5,2,1,3,28,25,20,34,21,22,12,76,42,40,12,0,0,25,13,3,4,21,2,1
20,41,12,216,1,2,3,2,1,1,1,2,1,2,4,2,1,2,1,3,28,25,20,28,19,10,16,85,42,24,28,0,0,22,13,3,4,21,2,1
27,86,16,169,3,1,3,2,1,2,2,2,1,1,2,1,3,2,3,0,15,24,15,28,31,11,36,0,20,57,83,0,0,22,13,7,2,21,2,0
29,395,61,9,3,1,3,2,1,2,3,2,1,1,3,4,4,4,3,0,18,14,6,36,21,18,12,121,53,2,1,3,0,24,13,7,3,21,2,0
28,169,52,42,3,1,3,2,1,2,3,2,1,2,4,2,1,2,0,0,24,14,12,10,23,10,12,0,7,78,9,3,0,22,13,6,3,33,2,0
27,140,29,163,2,1,3,2,1,2,3,2,1,1,1,0,1,2,3,0,24,30,15,16,39,11,20,35,3,54,27,0,0,22,13,7,2,21,2,0
28,263,64,145,2,1,3,2,1,1,1,2,1,0,3,5,3,4,1,1,15,23,10,40,21,16,6,0,63,57,83,0,0,6,6,1,5,8,2,1
28,183,52,42,3,1,3,2,1,2,3,2,1,1,4,2,5,2,0,0,24,23,15,28,15,10,14,0,45,51,94,3,0,22,13,6,3,33,2,0
28,309,64,145,2,1,3,2,1,1,1,2,1,0,3,5,1,4,1,1,15,23,12,34,16,14,6,0,63,57,83,0,0,9,6,1,5,21,2,1
30,161,67,55,3,1,3,2,1,2,3,2,1,2,4,3,5,4,3,1,23,12,2,53,16,11,12,82,35,18,56,0,0,29,5,7,4,17,2,0
32,271,5,78,2,1,3,2,1,1,1,2,1,2,3,6,5,4,1,1,8,12,3,28,16,11,7,0,58,66,63,0,0,21,15,3,4,17,2,1
31,277,61,10,3,1,3,2,1,2,3,2,1,2,3,4,1,4,3,1,11,12,3,16,21,11,2,99,45,9,47,0,0,22,10,7,4,17,2,1
0,357,30,0,3,2,3,2,1,2,3,2,1,1,3,4,4,4,0,3,15,24,12,23,12,10,2,66,31,43,15,0,0,22,13,7,4,21,2,0
33,232,47,161,3,1,3,2,1,2,3,2,1,2,4,2,1,2,3,0,21,23,12,30,34,18,7,0,31,45,18,0,0,22,13,7,2,21,2,0
34,63,47,161,3,1,3,2,1,2,3,2,1,1,4,2,1,2,3,0,15,23,14,10,39,11,17,0,42,43,103,7,0,24,5,7,2,21,2,0
35,9,49,241,3,1,3,2,1,2,3,2,1,2,1,0,1,2,3,0,8,21,10,48,21,22,24,108,11,7,33,0,0,29,6,7,2,21,2,1
35,173,49,241,3,1,3,2,1,2,3,2,1,2,1,0,4,2,3,1,3,21,16,40,11,22,34,114,11,10,14,0,0,29,12,7,4,14,2,1
35,230,47,161,3,1,3,2,1,2,3,2,3,2,4,2,5,2,3,0,7,21,10,16,23,10,10,0,35,57,83,5,0,22,5,7,2,21,2,1
35,178,49,241,3,1,3,2,1,2,3,2,3,2,2,1,2,2,3,1,15,21,12,24,15,11,36,38,11,37,61,0,2,21,10,7,4,14,2,1
35,67,49,241,3,1,3,2,1,2,3,2,3,2,2,1,0,2,3,1,20,21,18,13,14,11,36,17,11,32,96,0,0,15,5,7,4,14,2,1
32,310,5,78,2,1,3,2,1,1,1,2,1,2,3,6,1,4,1,1,11,20,3,16,14,11,12,0,58,66,63,0,0,22,10,3,4,14,2,0
35,323,37,89,2,1,3,2,1,1,1,2,1,2,3,5,5,4,1,1,3,21,3,25,28,16,2,0,60,57,83,15,0,9,6,1,4,14,2,1
35,298,37,89,2,1,3,2,1,1,1,2,1,2,3,5,1,4,1,0,8,21,12,32,27,14,14,0,60,57,83,15,0,18,10,1,2,21,2,1
35,8,49,241,3,1,3,2,1,1,1,2,1,2,2,1,6,2,3,1,18,21,15,28,28,11,36,0,4,70,51,0,0,22,13,7,4,14,2,1
35,233,49,241,3,1,3,2,1,1,1,2,1,2,2,1,5,2,3,1,18,21,15,28,34,11,36,0,4,70,51,0,0,22,13,7,4,14,2,1
39,246,54,157,3,1,3,2,1,2,3,2,3,1,4,3,1,2,3,1,21,21,10,40,28,10,8,61,15,25,64,7,0,29,18,7,4,8,2,0
40,50,54,157,3,1,3,2,1,2,3,2,1,1,1,0,1,2,3,0,21,18,10,57,40,10,29,116,27,0,46,0,0,29,8,7,2,42,2,1
39,52,54,157,3,1,3,2,1,2,3,2,1,1,1,0,4,2,3,0,20,18,14,23,11,10,33,107,27,3,53,7,0,29,13,7,2,42,2,1
38,53,62,121,3,1,3,2,1,2,3,2,1,1,1,0,4,2,3,1,23,26,10,16,26,11,29,14,32,49,71,5,0,29,13,2,4,8,2,1
38,55,62,121,3,1,3,2,1,2,3,2,1,1,1,0,1,2,3,0,24,26,14,26,21,5,24,105,32,4,56,0,0,29,13,2,2,42,2,1
38,297,25,85,2,1,3,2,1,1,1,2,1,2,3,7,1,4,1,1,15,26,8,19,29,18,11,0,73,31,111,0,0,22,15,1,4,8,2,1
38,357,25,85,2,1,3,2,1,1,1,2,1,2,3,7,6,4,1,0,15,26,12,4,13,18,21,0,73,57,83,0,0,15,13,1,2,42,2,1
38,326,55,98,2,1,3,2,1,1,1,2,1,1,3,4,1,4,1,0,11,26,15,16,19,11,2,119,58,5,8,0,0,22,10,1,2,42,2,1
38,302,55,98,2,1,3,2,1,1,1,2,1,2,3,4,4,4,1,0,15,26,12,5,11,11,7,113,58,2,43,10,0,22,10,1,2,42,2,1
25,196,59,72,2,1,3,2,1,1,1,2,1,0,3,6,1,3,1,0,5,19,8,34,19,18,7,0,51,57,83,14,0,22,5,1,2,4,2,1
25,189,59,72,2,1,3,2,1,1,1,2,1,0,3,6,5,3,1,0,5,19,18,34,19,18,7,0,51,57,83,14,0,8,10,1,2,33,2,1
37,358,64,147,2,1,3,2,1,1,1,2,1,2,3,6,5,4,1,1,8,19,3,28,13,11,17,0,78,56,85,0,0,17,15,1,4,21,2,1
37,384,64,147,2,1,3,2,1,1,1,2,1,2,3,6,1,4,1,1,8,19,14,28,19,11,2,0,78,66,63,0,0,22,8,1,4,21,2,1
36,347,64,147,2,1,3,2,1,1,1,2,1,2,3,5,5,4,1,0,11,19,3,28,21,14,2,0,55,57,83,0,0,9,6,3,2,71,2,1
45,156,63,63,1,1,3,2,1,1,3,2,1,1,4,3,5,4,0,0,28,16,2,40,16,7,12,0,45,57,83,0,0,17,13,1,2,21,2,0
41,278,55,99,2,1,3,2,1,1,1,2,1,2,3,7,1,4,3,0,8,19,15,31,29,16,36,27,71,23,104,12,0,22,13,3,2,71,2,1
41,308,55,99,2,1,3,2,1,1,1,2,1,2,3,7,5,4,3,0,8,19,12,25,31,16,36,0,71,31,111,8,0,29,15,3,2,71,2,1
41,35,22,2,3,1,3,2,1,2,3,2,1,2,4,3,1,2,3,0,20,19,14,44,20,7,5,103,20,18,16,10,0,29,13,2,2,4,2,1
40,85,54,157,3,1,3,2,1,2,3,2,1,1,1,0,1,2,3,0,21,18,12,48,29,11,31,116,24,0,46,0,0,29,10,7,2,41,2,1
41,65,22,2,3,1,3,2,1,2,3,2,1,2,4,3,5,2,3,0,18,19,10,38,20,7,12,74,20,28,38,0,0,29,5,2,2,4,2,1
40,63,54,157,3,1,3,2,1,2,3,2,1,1,1,0,4,2,3,0,21,18,10,25,11,11,29,107,24,3,53,7,0,29,13,7,2,71,2,1
42,151,64,167,2,1,3,2,1,1,1,2,1,2,4,3,1,4,1,0,11,18,10,31,19,18,36,78,60,27,34,5,0,22,15,1,2,71,2,1
49,155,64,167,2,1,3,2,1,1,1,2,1,2,4,3,5,4,1,0,6,18,8,25,21,18,36,24,60,44,63,0,0,22,4,1,2,71,2,1
43,162,63,62,2,1,3,2,1,1,3,2,1,2,4,3,1,4,0,0,6,20,18,28,11,7,14,0,53,57,83,0,0,22,18,1,2,21,2,0
44,162,63,63,2,1,3,2,1,1,1,2,1,1,4,3,1,4,0,0,6,20,6,28,11,7,17,0,55,57,83,0,0,22,21,1,2,21,2,0
49,156,63,63,1,1,3,2,1,1,3,2,1,1,4,3,5,4,3,0,28,19,12,53,35,3,8,0,51,49,98,0,0,22,12,1,2,21,2,1
49,159,63,63,2,1,3,2,1,1,3,2,1,1,4,3,1,4,3,1,28,19,3,16,21,4,16,13,51,49,72,0,0,22,18,1,4,54,2,1
46,319,5,79,2,1,3,1,1,1,1,2,1,2,3,7,1,4,1,0,3,15,3,36,25,18,36,0,76,57,83,8,0,22,12,3,2,14,2,1
46,361,5,79,2,1,3,1,1,1,1,2,1,2,3,7,5,4,1,0,3,15,12,38,33,18,36,0,76,56,83,5,0,29,20,3,2,14,2,1
48,254,58,160,3,1,3,2,1,2,3,2,3,2,1,0,4,2,3,0,11,15,3,23,11,11,22,22,35,31,91,0,0,29,10,7,6,21,2,1
48,253,58,160,3,1,3,2,1,2,3,2,3,2,1,0,1,3,3,0,8,15,8,10,16,11,24,0,35,57,83,0,0,29,6,7,2,21,2,1
47,324,61,11,3,1,3,2,1,2,3,2,1,2,3,4,4,4,3,0,15,15,3,44,16,11,7,12,48,41,88,5,0,24,12,7,2,21,2,1
51,79,23,226,3,1,3,2,1,2,3,2,1,1,1,0,4,2,6,0,11,19,12,26,11,11,29,76,12,40,12,0,0,29,12,0,2,56,2,1
51,167,23,226,3,1,3,2,1,2,3,2,1,1,1,0,1,2,6,0,11,19,6,20,8,11,24,73,12,28,38,0,0,29,6,0,2,56,2,1
50,200,59,73,2,1,3,2,1,1,1,2,1,1,4,2,1,3,1,1,11,19,8,16,31,11,12,0,55,57,83,0,0,29,13,3,4,37,2,1
50,348,48,48,2,1,3,2,1,1,1,2,1,1,3,4,4,4,0,0,3,19,6,38,9,11,7,30,55,35,75,8,0,20,10,5,2,56,2,1
51,321,63,63,2,1,3,2,1,1,1,2,1,2,3,5,5,4,0,0,3,19,18,11,11,14,12,0,55,57,83,0,0,20,12,1,2,21,2,1
50,311,48,48,2,1,3,2,1,1,1,2,1,2,3,4,1,4,0,0,3,19,12,52,12,11,7,99,55,9,46,0,0,22,12,5,2,56,2,1
51,284,63,63,2,1,3,2,1,1,1,2,1,2,3,5,1,4,0,0,3,19,2,24,11,14,12,0,55,57,83,0,0,9,6,1,2,56,2,1
52,204,59,73,2,1,3,2,1,1,1,2,1,2,4,3,5,3,1,0,11,19,2,57,31,7,8,44,49,29,70,0,0,29,13,3,2,56,2,1
50,205,59,73,2,1,3,2,1,1,1,2,1,2,4,2,5,3,1,0,11,19,14,28,39,11,15,7,55,49,80,0,0,25,12,3,2,56,2,1
54,46,23,226,3,1,3,2,1,2,3,2,1,2,2,1,0,2,0,0,11,21,10,34,19,11,36,66,7,43,15,0,0,18,12,0,2,21,2,1
54,64,23,226,3,1,3,2,1,2,3,2,1,2,2,1,2,2,0,1,11,21,6,40,5,11,36,66,7,43,15,0,0,22,5,0,4,37,2,1
53,394,45,45,3,1,3,2,1,2,3,2,1,1,3,7,1,4,0,0,11,21,12,27,26,18,12,96,27,19,24,0,0,26,13,7,2,21,2,1
53,270,45,45,3,1,3,2,1,2,3,2,1,1,3,7,6,4,1,0,3,21,14,25,24,18,12,63,27,37,33,0,3,23,16,7,2,21,2,1
55,333,5,79,2,1,3,2,1,1,1,2,1,2,3,7,1,4,1,0,20,22,14,32,25,18,12,103,76,18,15,0,0,29,13,3,4,8,2,1
55,268,5,79,2,1,3,2,1,1,1,2,1,2,3,7,6,4,1,0,20,22,20,19,19,18,12,61,76,31,45,0,0,22,13,3,4,8,2,1
59,227,27,231,3,1,3,2,1,2,3,2,3,0,4,2,0,3,3,1,13,14,14,28,25,11,10,6,27,40,99,0,0,29,12,4,0,61,2,0
60,288,61,12,3,1,3,2,1,2,3,2,1,1,3,4,4,4,3,1,20,16,12,31,11,10,7,66,48,25,59,7,0,22,10,4,0,21,2,1
60,272,61,12,3,1,3,2,1,2,3,2,1,1,3,4,1,4,3,1,20,16,8,36,22,11,7,55,48,22,83,0,0,24,6,4,0,21,2,1
58,354,5,225,2,1,3,2,1,2,1,2,1,2,3,5,1,4,0,0,8,20,19,33,21,14,12,58,76,27,62,0,0,11,8,1,6,8,2,1
58,347,5,225,2,1,3,2,1,2,1,2,1,2,3,5,5,4,0,0,11,20,10,43,23,11,12,0,76,57,83,0,0,15,10,1,6,8,2,1
57,43,20,57,3,1,3,2,1,2,3,2,1,2,2,1,0,2,3,1,8,19,10,28,11,22,36,57,82,24,73,0,0,22,10,10,0,21,2,1
57,169,20,57,3,1,3,2,1,2,3,2,1,2,2,1,2,2,3,0,10,19,10,28,11,22,36,79,20,19,60,5,0,22,13,10,6,8,2,1
56,142,6,41,3,1,3,2,1,2,3,2,1,1,1,0,4,2,1,0,17,20,12,16,11,10,31,41,27,51,22,8,0,29,10,7,6,8,2,1
56,139,6,41,3,1,3,2,1,2,3,2,1,2,1,0,1,2,1,0,17,20,16,16,21,22,31,56,27,23,77,0,0,29,5,7,6,8,2,1
66,216,59,74,2,1,3,2,1,1,1,2,1,2,4,2,0,3,1,0,6,36,14,31,13,18,18,0,63,75,26,0,0,22,13,1,4,7,0,0
66,216,59,74,2,1,3,2,1,1,1,2,1,1,4,2,0,3,1,0,6,21,8,28,11,18,15,0,73,75,26,0,0,22,13,1,4,8,0,0
65,119,19,91,2,2,3,2,1,1,1,2,1,1,4,3,1,4,1,3,28,11,20,40,13,7,14,0,33,57,83,0,0,22,21,1,4,21,2,0
63,217,59,74,2,1,3,2,1,1,1,2,1,1,4,2,0,3,1,0,8,25,3,34,14,11,10,0,48,75,26,0,0,26,13,1,4,21,0,0
61,34,49,240,3,1,3,2,1,2,3,2,1,1,1,0,4,2,3,1,21,15,6,23,11,11,24,88,31,12,60,5,0,22,13,7,4,21,2,1
61,39,49,242,3,1,3,2,1,2,3,2,1,1,4,3,1,2,3,0,21,15,8,27,29,5,14,59,35,28,56,10,0,29,18,7,4,37,2,1
61,61,49,240,3,1,3,2,1,2,3,2,1,1,1,0,1,2,3,0,21,15,10,23,2,11,20,103,31,18,15,0,0,22,13,7,4,37,2,1
61,82,49,242,3,1,3,3,1,2,3,2,1,1,4,3,5,2,3,0,24,15,8,28,27,3,10,61,35,31,45,5,0,22,6,7,4,37,2,1
62,166,49,242,3,1,3,2,1,2,3,2,1,2,2,1,2,2,3,1,18,12,14,4,11,22,36,81,27,25,31,0,0,22,5,7,2,47,2,1
62,172,49,242,3,1,3,2,1,2,3,2,1,2,2,1,0,2,3,1,24,12,14,1,9,22,36,0,27,57,83,0,0,26,10,7,2,47,2,1
62,235,49,242,3,1,3,2,1,1,1,2,1,2,2,1,6,2,3,1,18,12,6,34,15,22,36,0,27,70,51,0,0,22,13,7,2,47,2,1
62,239,49,242,3,1,3,2,1,1,1,2,1,2,2,1,5,2,3,0,18,12,3,16,12,22,36,0,27,70,51,0,0,22,8,7,4,2,2,1
64,82,49,242,3,1,3,2,1,2,3,2,1,2,4,3,5,2,3,0,24,25,8,23,21,3,19,89,51,23,24,0,0,28,8,7,4,37,2,1
64,39,49,242,3,1,3,2,1,2,3,2,1,2,4,3,1,2,3,0,21,25,8,16,17,5,12,59,51,28,56,10,0,23,15,7,4,37,2,1
67,216,59,74,2,1,3,2,1,1,1,2,1,1,4,2,0,3,1,0,8,14,8,16,23,10,12,0,60,75,26,3,0,22,12,1,4,8,0,0
70,109,44,151,2,1,3,2,1,2,1,2,1,1,4,2,0,4,3,0,18,15,1,16,21,10,14,42,55,63,10,0,0,22,12,5,4,6,0,0
70,109,44,151,2,1,3,2,1,2,1,2,1,2,4,2,0,4,3,0,18,13,14,23,17,7,12,42,55,63,10,0,0,22,13,5,4,6,0,0
71,358,61,14,3,1,3,2,1,2,3,2,1,1,3,4,4,4,3,0,18,15,8,53,30,18,4,60,31,29,51,2,0,22,15,4,4,6,0,0
70,93,44,151,2,1,3,2,1,2,3,2,1,2,4,3,1,4,6,1,18,15,3,53,19,3,14,54,51,30,56,0,0,29,12,5,4,18,0,0
69,307,60,93,2,1,2,2,1,1,1,2,1,2,3,5,1,4,1,0,10,13,3,40,11,14,17,0,57,76,15,5,0,11,13,1,4,6,0,1
69,303,60,93,2,1,2,2,1,1,1,2,1,1,3,5,5,4,1,0,10,13,3,28,17,16,12,15,57,64,39,0,0,22,13,1,4,6,0,1
68,320,63,156,2,1,3,2,1,1,1,2,1,1,3,6,5,4,6,1,6,13,6,23,17,11,2,0,65,70,51,8,0,24,16,3,4,47,0,1
68,292,63,156,2,1,3,2,1,1,1,2,1,1,3,6,1,4,6,1,6,13,10,23,15,11,2,0,65,70,51,8,0,15,16,3,4,47,0,1
68,218,59,74,2,1,3,2,1,1,1,2,1,2,4,2,5,3,1,0,3,13,6,28,29,11,17,40,82,52,24,0,0,26,10,1,4,21,0,1
68,382,61,13,3,1,3,1,1,2,3,2,1,1,3,4,1,4,3,1,13,14,16,23,29,10,7,120,55,6,0,0,0,22,8,7,4,18,0,1
67,61,49,242,3,1,3,2,1,2,3,2,1,2,2,1,0,2,3,1,21,13,14,16,17,18,36,25,27,44,62,0,0,22,8,7,4,18,0,1
67,34,49,242,3,1,3,2,1,2,3,2,1,2,2,1,2,2,3,1,21,13,15,40,13,18,36,86,27,8,74,0,2,17,8,7,4,18,0,1
74,122,44,151,2,1,3,2,1,2,3,2,1,1,4,3,5,4,3,1,13,17,10,31,17,11,12,97,35,21,17,0,0,22,10,5,4,76,2,0
75,185,13,230,3,1,3,2,1,2,3,2,1,2,1,0,4,2,3,1,10,17,12,52,21,10,20,0,35,40,107,7,0,29,13,4,4,58,2,1
75,120,44,151,2,1,3,2,1,2,3,2,1,2,4,2,5,4,6,1,13,18,10,28,13,11,7,115,20,13,11,0,0,22,10,5,4,76,2,0
72,125,44,151,2,1,3,2,1,2,3,2,1,2,4,2,1,4,6,1,13,23,12,16,26,11,10,93,45,20,28,0,0,22,5,5,4,76,2,0
69,93,44,151,2,1,3,2,1,2,3,2,1,2,4,3,1,4,6,0,18,13,6,57,17,3,6,57,27,63,5,0,0,29,12,5,4,6,0,0
73,386,10,235,2,1,3,2,1,1,1,2,1,2,3,4,4,4,1,1,3,17,12,48,21,10,20,0,45,54,89,3,0,22,4,5,4,58,2,0
75,184,13,230,3,1,3,2,1,2,3,2,1,1,1,0,1,2,3,0,10,17,6,57,11,10,24,0,35,57,83,0,0,29,8,4,4,31,2,1
77,330,61,15,3,1,3,2,1,2,3,2,1,2,3,4,4,4,3,1,13,19,10,16,6,10,7,91,20,8,67,8,0,22,13,4,4,75,2,0
79,224,57,236,3,1,3,2,1,2,3,2,3,2,1,0,4,2,6,1,21,11,12,28,21,10,29,74,10,28,38,5,0,24,13,6,4,75,2,1
79,226,57,236,3,1,3,2,1,2,3,2,3,2,1,0,1,2,6,1,21,11,12,28,11,10,29,103,10,18,15,0,0,24,8,6,4,75,2,1
77,211,59,66,2,1,3,2,1,1,3,2,1,2,4,3,5,3,3,1,6,15,10,16,15,3,10,0,78,57,83,0,0,22,8,1,4,75,2,1
77,200,59,66,2,1,3,2,1,1,3,2,1,2,4,3,1,3,3,1,8,15,10,4,15,3,7,0,78,57,83,5,0,22,5,1,4,75,2,1
76,343,5,80,2,1,3,2,1,1,1,2,1,1,3,6,1,4,1,1,3,18,12,16,26,11,12,85,70,24,28,0,0,16,21,3,4,69,2,1
76,336,5,80,2,1,3,2,1,1,1,2,1,1,3,6,5,4,1,1,3,18,10,28,21,11,12,85,70,24,28,0,0,22,13,3,4,69,2,1
78,331,60,94,2,1,2,2,1,1,1,2,1,2,3,5,1,4,1,1,3,19,12,46,21,14,12,0,58,63,73,7,0,22,16,1,4,75,2,1
78,364,60,94,2,1,2,2,1,1,1,2,1,2,3,5,5,4,1,1,3,19,20,27,13,21,12,15,58,64,38,4,0,22,16,1,4,75,2,1
81,102,66,101,2,1,3,2,1,1,1,2,1,2,4,3,5,4,0,0,6,8,14,4,16,11,36,0,55,70,51,0,0,22,15,1,4,21,2,0
84,285,61,16,3,1,3,2,1,2,3,2,1,2,3,4,4,4,3,0,17,8,8,28,12,11,10,37,20,35,68,0,0,22,13,4,4,20,2,0
85,289,44,148,3,1,3,2,1,2,3,2,1,1,3,7,1,4,3,0,24,8,3,40,19,11,12,72,58,14,87,0,0,15,13,7,4,21,2,0
83,303,44,148,3,1,3,2,1,2,3,2,1,1,3,7,5,4,3,0,24,7,6,55,39,20,7,97,68,20,19,0,0,22,13,7,4,21,2,1
83,289,44,148,3,1,3,2,1,2,3,2,1,1,3,7,1,4,3,0,24,7,3,53,21,18,4,85,68,24,28,3,0,22,13,7,4,21,2,1
85,108,5,81,2,1,3,2,1,1,1,2,1,2,4,2,5,4,1,0,7,8,3,40,17,17,36,0,61,70,51,5,0,28,16,3,4,13,2,0
80,100,64,146,1,2,3,2,1,1,1,2,1,2,4,2,1,4,1,3,28,7,20,43,14,10,12,0,55,68,56,0,0,26,13,1,4,21,2,0
81,102,65,101,2,1,3,2,1,1,1,2,1,2,4,3,5,4,0,0,6,8,14,4,16,11,36,0,55,70,51,0,0,22,15,1,4,21,2,0
82,94,65,101,2,1,3,2,1,1,1,2,1,2,4,3,5,4,0,0,6,7,10,39,19,5,14,0,60,70,51,0,0,11,12,1,4,22,2,0
83,127,5,81,2,1,3,2,1,1,1,2,1,1,4,2,1,4,1,0,8,8,6,34,26,11,7,19,55,54,49,0,0,22,13,3,4,13,2,0
85,114,5,81,2,1,3,2,1,1,1,2,1,2,4,2,1,4,1,0,8,8,8,54,19,17,36,2,61,55,78,5,0,21,10,3,4,13,2,0
88,268,61,21,3,1,3,2,1,2,3,2,1,2,3,4,4,4,3,0,15,8,8,53,13,10,12,82,27,18,56,0,0,22,13,4,4,13,2,0
92,300,61,22,3,1,3,2,1,2,3,2,1,1,3,4,4,4,3,1,15,7,3,53,14,6,2,101,45,14,29,5,0,22,13,4,4,21,2,0
89,234,49,243,3,1,3,2,1,2,3,2,1,2,1,0,1,2,1,0,8,8,3,10,17,11,30,17,38,42,77,0,0,29,13,7,4,13,2,1
86,124,37,90,2,1,3,2,1,2,1,2,1,2,4,3,5,4,3,0,8,8,8,47,20,4,17,1,76,61,73,1,0,23,15,5,4,13,2,1
90,124,37,90,2,1,3,2,1,2,1,2,1,1,4,3,5,4,3,0,8,16,6,28,11,3,6,1,0,61,73,0,0,29,13,5,4,21,2,0
89,101,65,102,2,1,3,2,1,1,1,2,1,1,4,2,0,4,1,0,5,8,3,4,21,11,10,0,20,70,51,0,0,0,1,1,4,21,2,0
86,91,37,90,2,1,3,2,1,2,1,2,1,2,4,3,1,4,3,0,8,8,6,36,22,7,16,0,76,70,51,10,0,32,12,5,4,13,2,1
88,117,37,90,2,1,3,2,1,2,1,2,1,2,4,3,4,4,3,0,7,8,3,38,21,7,14,0,76,70,51,10,0,22,12,5,4,13,2,1
86,192,59,75,2,1,3,2,1,1,1,2,1,2,3,6,1,3,1,0,11,7,8,27,16,18,7,61,32,31,46,0,0,22,13,1,4,22,2,1
86,191,59,75,2,1,3,2,1,1,1,2,1,2,3,6,5,3,1,0,11,7,3,16,21,22,2,39,82,40,56,0,0,32,32,1,4,22,2,1
88,267,44,149,2,1,3,2,1,2,1,2,1,1,3,7,1,4,3,0,11,8,3,40,21,11,12,10,63,27,108,0,0,22,18,5,4,38,2,1
88,332,44,149,2,1,3,2,1,2,1,2,1,1,3,7,5,4,3,0,15,8,3,34,13,11,12,21,63,26,101,0,0,22,18,5,4,13,2,1
87,75,49,243,3,1,3,2,1,2,3,2,1,1,1,0,4,2,3,0,8,10,6,11,31,11,24,0,9,70,51,0,0,29,8,7,4,13,2,0
91,75,49,243,3,1,3,2,1,2,3,2,1,1,1,0,4,2,3,0,8,7,3,28,6,11,31,0,31,70,51,0,0,22,13,7,4,13,2,0
95,372,10,59,3,1,3,2,1,2,3,2,1,1,3,4,4,4,3,0,15,8,8,16,15,10,2,6,45,46,86,0,0,29,13,6,4,15,2,0
92,112,65,102,2,1,3,2,1,1,1,2,1,2,4,2,5,4,1,0,15,12,3,44,15,11,10,63,55,36,35,0,0,22,18,1,4,21,2,0
93,106,65,102,2,1,3,2,1,1,1,2,1,2,4,2,1,4,1,0,15,12,8,40,33,11,17,0,45,77,10,3,0,23,16,1,4,21,2,0
100,249,60,95,2,1,2,2,1,1,1,2,1,2,4,3,0,3,1,0,5,12,8,43,29,4,10,0,62,70,51,0,0,21,10,1,4,21,2,1
100,250,60,95,2,1,2,2,1,1,1,2,1,2,4,3,1,3,1,0,5,12,3,61,20,4,11,0,62,54,89,10,0,22,17,1,4,21,2,1
96,111,41,97,2,1,3,2,1,2,1,2,1,2,4,3,1,4,3,0,26,8,10,58,19,7,10,83,59,19,51,10,0,29,12,3,4,21,2,1
96,98,41,97,2,1,3,2,1,2,1,2,1,2,4,3,5,4,3,0,26,8,6,40,18,15,10,90,59,15,52,7,0,12,6,3,4,21,2,1
100,252,60,95,2,1,2,2,1,1,1,2,1,2,4,3,5,3,1,0,8,12,3,49,19,14,6,0,62,57,83,0,0,15,10,1,4,21,2,1
94,115,65,102,2,1,3,2,1,1,1,2,1,2,4,2,1,4,1,0,5,10,6,16,35,10,7,0,45,76,15,0,0,17,13,1,4,21,2,0
99,251,60,51,2,1,2,2,1,1,1,2,1,1,4,2,0,3,1,1,8,12,8,28,29,7,16,0,35,70,51,0,0,0,1,1,4,21,2,0
97,234,49,243,3,1,3,2,1,2,3,2,1,2,1,0,1,2,3,1,8,11,10,28,11,11,29,0,45,38,109,0,0,22,13,7,4,21,2,0
98,75,49,243,3,1,3,2,1,2,3,2,1,1,1,0,4,2,3,1,8,15,6,16,11,11,24,0,45,64,72,0,0,22,13,7,4,21,2,0
92,360,61,17,3,1,3,2,1,2,3,2,1,1,3,4,1,4,3,1,11,6,3,28,19,11,2,84,45,20,46,0,0,22,13,4,4,21,2,1
93,187,59,76,2,1,3,2,1,2,1,2,1,2,3,6,1,3,3,0,11,7,3,16,16,18,2,67,45,27,53,12,0,22,13,5,4,21,2,1
93,188,59,76,2,1,3,2,1,2,1,2,1,2,3,6,5,3,3,1,11,7,12,16,16,18,2,0,45,58,82,12,0,29,24,5,4,21,2,1
91,363,44,150,2,1,1,2,1,2,1,2,1,2,3,7,1,4,4,0,11,6,12,38,19,18,20,0,71,70,51,8,0,22,20,5,4,21,2,1
91,361,44,150,2,1,1,2,1,2,1,2,1,2,3,7,5,4,4,0,11,6,3,24,15,18,14,112,71,18,7,8,0,22,15,5,4,13,2,1
101,258,61,18,3,1,3,2,1,2,3,2,1,2,3,4,4,4,3,0,11,7,15,26,13,10,2,0,45,57,83,0,0,22,12,4,4,47,2,1
101,124,46,162,3,1,3,2,1,2,3,2,1,2,4,2,5,4,6,0,15,7,8,40,29,11,15,69,31,29,41,0,0,22,13,6,4,47,2,1
101,106,46,162,3,1,3,2,1,2,3,2,1,1,4,2,1,4,6,0,15,7,10,53,29,11,12,0,27,70,3,10,0,23,13,6,4,47,2,0
101,106,46,162,3,1,3,2,1,2,2,2,1,2,4,2,1,4,6,0,15,7,6,28,31,18,17,0,31,43,103,0,0,22,13,6,4,21,2,0
101,259,61,18,3,1,3,2,1,2,3,2,1,2,3,4,1,4,3,3,15,7,14,34,14,10,2,15,45,64,39,0,0,22,12,4,4,47,2,1
102,240,6,233,3,1,3,1,1,2,2,2,1,2,4,2,1,2,3,0,11,8,10,61,25,10,15,0,3,57,83,0,0,22,5,7,4,47,2,0
103,317,25,86,2,1,3,2,1,1,3,2,1,1,3,5,1,4,1,0,11,7,10,28,11,14,20,0,20,57,83,7,0,15,13,1,4,21,2,0
103,248,58,103,3,1,3,2,1,2,3,2,1,2,4,3,5,3,3,0,8,7,3,3,25,7,14,0,42,70,51,0,0,22,12,7,4,21,2,1
103,295,30,1,3,1,3,2,1,2,3,2,1,2,3,4,4,4,0,0,8,7,12,34,5,10,2,61,24,31,46,0,0,15,6,7,4,47,2,1
103,378,30,1,3,1,3,2,1,2,3,2,1,2,3,4,1,4,0,0,8,7,12,40,19,10,2,0,24,70,51,0,0,22,13,7,4,47,2,1
103,168,2,37,2,1,3,2,1,2,1,2,1,1,1,0,1,2,3,0,4,7,6,40,11,10,25,0,7,64,72,0,0,29,13,4,4,21,2,1
103,68,2,37,2,1,3,2,1,2,1,2,1,1,1,0,4,2,3,0,4,7,6,40,11,10,27,0,7,73,38,0,0,29,13,4,4,21,2,1
110,315,61,20,3,1,3,2,1,2,3,2,1,2,3,4,4,4,3,0,25,15,2,48,14,16,2,100,45,18,21,0,0,22,10,4,4,70,2,0
111,128,6,234,3,1,3,2,1,2,3,2,1,2,4,2,5,2,1,1,11,25,10,40,29,11,15,0,20,49,98,0,0,28,15,7,4,34,2,0
103,255,58,103,3,1,3,2,1,2,2,2,1,1,4,3,1,3,3,0,9,7,8,23,19,18,10,0,45,67,58,0,0,22,24,7,4,21,2,0
105,141,6,234,3,1,3,2,1,2,2,2,1,1,4,2,1,2,1,0,11,5,10,40,30,10,4,0,5,63,73,3,0,22,13,7,4,49,2,0
106,132,6,234,3,1,3,2,1,2,2,2,1,1,4,2,1,2,1,0,11,7,8,16,30,11,8,0,15,57,83,3,0,22,13,7,4,34,2,0
108,44,22,115,3,1,3,2,1,2,3,2,1,1,4,2,5,2,3,0,8,19,10,26,28,22,11,0,1,57,83,0,0,28,13,7,4,49,2,0
106,136,6,234,3,1,3,2,1,2,3,2,1,1,4,2,5,2,1,0,11,7,14,40,24,10,12,0,53,57,83,0,0,22,13,7,4,49,2,0
108,33,34,44,3,1,3,2,1,2,3,2,1,1,1,0,1,2,3,0,11,6,8,7,11,11,29,0,35,64,72,0,0,29,10,6,4,78,2,1
108,36,34,44,3,1,3,2,1,2,3,2,1,1,1,0,4,2,3,0,11,6,8,7,11,11,29,0,35,73,38,0,0,29,8,6,4,78,2,1
103,248,58,103,3,1,3,2,1,2,3,2,1,1,4,3,5,3,3,3,6,7,3,34,21,18,8,0,45,70,51,7,0,22,24,7,4,21,2,1
110,389,61,20,3,1,3,2,1,2,3,2,1,2,3,4,1,4,3,0,24,15,3,30,16,10,2,103,45,18,16,0,0,24,6,4,4,70,2,1
106,381,61,19,3,1,3,2,1,2,3,2,1,2,3,4,4,4,3,0,18,5,10,30,10,10,2,105,15,7,40,0,0,22,12,4,4,49,2,1
112,8,49,254,3,1,3,2,1,2,3,2,1,2,4,2,1,2,3,1,22,17,16,28,19,11,10,27,11,57,31,8,0,22,10,7,4,34,2,0
104,210,59,77,2,1,3,2,1,1,1,2,1,2,4,3,1,3,1,0,7,7,3,40,11,5,10,0,76,57,83,7,0,29,10,1,4,49,2,0
108,62,22,115,3,1,3,2,1,2,3,2,1,2,4,2,1,2,3,0,8,19,8,63,18,10,14,29,1,47,51,0,0,29,16,7,4,49,2,0
106,198,59,77,2,1,3,2,1,1,1,2,1,2,4,3,5,3,1,0,7,5,3,16,21,3,6,0,76,57,83,5,0,22,10,1,4,49,2,1
109,208,59,77,2,1,3,2,1,1,1,2,1,2,4,3,1,3,1,0,7,15,20,34,36,10,8,0,73,70,51,3,0,23,6,1,4,49,2,1
107,218,59,77,2,1,3,2,1,1,1,2,1,2,4,3,1,3,1,0,7,6,20,28,21,7,12,0,75,57,83,13,0,22,8,1,4,49,2,1
105,322,5,82,2,1,3,2,1,1,1,2,1,2,3,6,5,4,1,0,15,5,10,28,13,11,12,0,66,57,83,12,0,9,13,3,4,49,2,1
105,299,5,82,2,1,3,2,1,1,1,2,1,2,3,6,1,4,1,0,15,5,6,28,29,11,12,0,66,57,83,12,0,29,13,3,4,49,2,1
107,296,25,87,2,1,3,2,1,1,1,2,1,2,3,7,1,4,1,3,11,6,3,43,15,18,12,0,45,70,51,3,0,22,16,1,4,49,2,1
107,262,25,87,2,1,3,2,1,1,1,2,1,2,3,7,5,4,1,0,15,6,3,37,21,18,23,0,45,70,51,3,0,22,21,1,4,49,2,1
109,375,25,88,2,1,3,2,1,1,1,2,1,2,3,5,1,4,1,0,3,6,12,34,15,14,12,9,51,53,69,9,0,14,18,1,4,74,2,1
109,69,22,115,3,1,3,2,1,2,3,2,1,2,4,2,1,2,3,0,8,6,8,34,17,11,10,15,42,64,38,8,0,29,13,7,4,78,2,1
112,335,61,23,3,1,3,2,1,2,3,2,1,2,3,4,1,4,3,1,16,17,8,40,19,11,12,81,4,25,114,0,0,29,12,4,4,34,2,0
217,131,16,172,3,1,3,2,1,2,3,2,1,1,1,0,4,2,0,1,11,27,6,28,17,11,29,0,20,57,83,0,0,29,16,6,4,35,2,0
218,334,25,111,2,1,3,2,1,1,1,2,1,1,3,5,1,4,0,3,8,23,3,53,16,1,12,0,51,57,83,0,0,23,20,1,4,35,2,0
222,130,16,172,3,1,3,2,1,2,3,2,1,2,1,0,4,2,0,0,21,25,6,28,21,11,32,82,8,18,56,0,0,29,13,6,4,48,2,1
205,242,1,6,2,1,3,2,1,2,1,2,1,2,4,3,5,2,0,1,13,30,3,16,21,7,9,69,37,29,41,7,0,29,12,4,4,31,2,1
213,401,44,199,2,1,3,2,1,2,1,2,1,1,4,3,1,4,0,0,8,23,3,34,25,5,7,49,55,33,57,10,0,29,15,5,4,31,2,1
213,399,44,199,2,1,3,2,1,2,1,2,1,2,4,3,5,4,0,0,8,23,8,28,21,2,36,11,55,37,97,0,0,22,13,5,4,31,2,1
205,169,1,6,2,1,3,2,1,2,1,2,1,2,4,3,1,2,0,1,13,30,3,37,28,3,36,25,37,44,63,7,0,29,11,4,4,31,2,1
207,200,59,261,2,1,3,2,1,1,1,2,1,2,4,3,5,3,0,0,8,27,3,12,32,5,14,25,71,44,63,5,0,22,13,3,4,21,2,1
207,214,59,261,2,1,3,2,1,1,1,2,1,2,4,3,1,3,0,0,8,27,3,27,21,7,10,13,72,49,72,5,0,22,6,3,4,21,2,1
209,355,5,184,2,1,3,2,1,1,1,2,1,2,3,4,1,4,0,1,11,23,3,28,16,10,2,61,58,31,45,0,0,22,8,3,4,31,2,1
209,384,5,184,2,1,3,2,1,1,1,2,1,2,3,4,4,4,0,1,11,23,3,28,13,10,7,61,58,31,45,10,0,22,10,3,4,31,2,1
206,288,61,33,3,1,3,2,1,2,3,2,1,2,3,4,4,4,0,0,9,23,6,40,19,7,7,0,45,57,83,10,0,22,13,4,4,31,2,1
232,49,9,221,2,1,3,2,1,2,1,2,1,2,1,0,1,2,0,0,2,6,8,56,21,11,29,13,19,49,72,0,0,29,13,5,4,31,2,1
232,40,9,221,2,1,3,2,1,2,1,2,1,2,1,0,4,2,0,1,6,6,8,51,19,11,29,39,19,40,55,0,0,29,13,5,4,54,2,1
222,135,16,172,3,1,3,2,1,2,3,2,1,2,1,0,1,2,0,0,21,25,3,28,21,11,29,60,8,17,94,0,0,29,13,6,4,50,2,1
215,78,1,6,2,1,3,2,1,2,1,2,1,2,1,0,1,2,0,0,8,25,3,28,21,10,29,0,11,57,83,0,0,29,6,4,4,29,2,1
215,58,1,6,1,1,3,2,1,2,1,2,1,2,1,0,4,2,0,0,28,25,3,28,21,10,29,32,11,41,60,11,0,29,15,4,4,29,2,1
219,202,58,117,3,1,3,2,1,2,3,2,1,2,1,0,1,3,0,0,11,23,3,53,13,11,36,11,17,37,97,0,0,29,13,4,4,21,2,1
223,341,60,137,2,1,2,2,1,1,1,2,1,1,3,5,1,4,0,0,8,27,10,43,23,13,12,26,45,49,51,14,0,2,5,1,4,50,2,1
223,305,60,137,2,1,2,2,1,1,1,2,1,1,3,5,5,4,0,1,8,27,6,43,19,9,7,24,45,42,69,0,0,10,21,1,4,36,2,1
210,290,64,206,2,1,3,2,1,1,1,2,1,2,3,5,5,4,0,0,11,22,6,28,29,9,12,60,51,29,51,0,0,22,23,1,4,21,2,1
220,346,64,208,2,1,3,2,1,1,1,2,1,2,3,5,1,4,0,1,8,24,10,47,26,14,12,0,51,57,83,14,0,15,10,1,4,16,2,1
211,374,55,128,2,1,3,2,1,1,1,2,1,2,3,7,1,4,0,0,6,24,3,43,23,22,10,0,78,57,83,0,0,22,18,1,4,21,2,1
211,358,55,128,2,1,3,2,1,1,1,2,1,2,3,7,5,4,0,0,6,24,3,43,25,22,12,0,78,42,105,0,0,22,15,1,4,21,2,1
235,256,31,174,2,1,3,2,1,1,1,2,1,2,4,3,1,3,0,1,10,12,3,44,19,11,12,0,58,46,100,0,0,22,16,3,4,67,2,0
216,241,4,239,3,1,3,2,1,2,3,2,1,1,4,2,1,2,0,0,8,33,3,26,31,18,12,0,14,57,83,0,0,22,13,7,4,32,2,0
214,401,44,199,2,1,3,2,1,2,1,2,1,2,4,3,1,4,0,0,8,25,3,28,26,18,7,34,58,39,65,0,0,22,16,5,4,32,2,0
228,221,33,237,3,1,3,2,1,2,3,2,1,2,4,3,1,2,0,1,15,30,20,40,21,7,10,75,24,24,51,0,0,22,21,4,4,49,2,0
227,236,33,237,3,1,3,2,1,2,3,2,1,1,4,3,5,2,0,0,15,25,8,40,19,7,10,18,22,34,90,0,0,22,21,4,4,46,2,0
224,104,5,185,2,1,3,2,1,1,1,2,1,2,4,2,1,4,0,0,8,28,6,38,21,11,12,61,55,31,46,0,0,29,13,3,4,65,2,0
212,225,64,207,2,1,3,2,1,1,1,2,1,2,4,2,5,2,0,0,8,25,3,23,26,18,17,0,4,57,83,6,0,9,13,1,4,21,2,0
207,75,9,219,2,1,3,2,1,2,1,2,1,2,4,2,1,2,0,0,8,34,3,23,17,10,4,0,4,57,83,3,0,22,13,5,4,21,2,0
210,89,64,207,2,1,3,2,1,1,1,2,1,1,4,2,1,2,0,0,11,26,3,16,38,11,12,0,27,57,83,5,0,21,12,1,4,21,2,0
210,144,9,220,2,1,3,2,1,2,1,2,1,1,4,3,5,2,0,0,18,26,9,62,19,18,10,0,20,57,83,7,0,22,8,5,4,21,2,0
234,257,31,174,2,1,3,2,1,1,1,2,1,2,4,3,5,3,0,1,10,17,3,40,23,11,12,0,60,57,83,0,0,22,13,3,4,67,2,0
236,146,16,50,3,1,3,2,1,2,2,2,1,1,4,3,1,2,0,1,15,12,3,28,21,10,10,0,42,59,81,0,0,4,13,6,4,3,2,0
239,149,49,249,3,1,3,2,1,2,3,2,1,2,4,3,1,2,0,0,28,9,3,20,19,3,14,0,31,49,98,7,0,22,29,7,4,21,2,0
238,149,49,249,2,1,3,2,1,2,3,2,1,2,4,3,1,2,0,1,28,8,3,31,19,11,14,43,20,27,79,5,0,24,23,7,4,47,2,0
237,149,49,249,3,1,3,2,1,2,3,2,1,2,4,3,1,2,0,1,18,9,3,28,11,10,10,43,35,27,79,0,0,22,24,7,4,21,2,0
231,116,60,138,2,1,2,2,1,1,1,2,1,2,4,3,1,2,0,0,8,3,20,48,26,10,12,16,51,35,94,0,0,29,13,1,4,32,2,0
230,116,60,138,2,1,2,2,1,1,1,2,1,0,4,3,1,4,0,0,8,5,20,37,26,4,9,16,57,35,94,3,0,22,21,1,4,32,2,0
229,121,60,138,2,1,2,2,1,1,1,2,1,2,4,3,1,4,0,1,8,5,10,27,16,10,10,16,55,35,94,8,0,22,21,1,4,79,2,0
233,362,61,35,3,1,3,2,1,2,3,2,1,2,3,4,4,4,0,1,8,12,3,23,26,11,7,61,48,31,46,5,0,0,1,4,4,67,2,0
226,269,11,176,2,1,3,2,1,1,1,2,1,2,3,4,1,4,0,1,8,14,10,53,16,10,12,0,27,57,83,0,0,22,7,3,4,63,2,0
221,209,58,117,3,1,3,2,1,2,3,2,1,2,1,0,4,3,0,1,13,23,5,5,11,22,31,57,32,24,73,0,0,28,13,4,4,16,2,0
243,97,43,38,3,1,3,2,1,2,2,2,1,2,4,3,1,4,0,0,15,5,3,31,19,18,6,0,48,57,83,0,0,28,15,7,4,32,2,0
208,77,62,114,3,1,3,2,1,2,3,2,1,1,1,0,1,2,0,1,8,30,3,28,21,10,29,60,30,17,93,3,0,29,21,2,4,32,2,0
225,281,19,211,2,1,3,2,1,1,1,2,1,2,3,5,1,4,0,0,3,19,10,53,19,14,12,0,35,57,83,0,0,22,16,1,4,47,2,0
240,351,19,52,3,1,3,2,1,1,1,2,1,2,3,5,5,4,0,0,3,5,3,16,14,9,12,0,45,57,83,0,0,0,1,1,4,21,2,0
217,134,16,172,3,1,3,2,1,2,3,2,1,2,1,0,4,2,0,1,15,27,8,0,21,22,29,0,26,57,83,0,0,29,13,6,4,36,2,0
219,216,58,117,3,1,3,2,1,2,3,2,1,2,1,0,4,3,0,0,11,28,8,28,21,11,29,0,17,57,83,5,0,29,13,4,4,21,2,0
208,177,62,114,3,1,3,2,1,2,3,2,1,1,1,0,4,2,0,1,7,30,3,40,21,10,29,32,30,41,60,7,0,29,13,2,4,32,2,0
242,3,44,64,2,1,3,2,1,2,1,2,1,2,3,4,4,4,0,0,8,4,3,28,24,10,12,0,55,54,89,3,0,22,6,5,4,21,2,0
241,5,44,64,2,1,3,2,1,2,1,2,1,2,3,4,4,4,0,1,8,4,3,28,13,5,12,0,55,54,89,3,0,22,3,5,4,66,2,0
211,273,61,34,3,1,3,2,1,2,3,2,1,2,3,4,1,4,0,0,8,24,7,28,21,11,20,78,42,27,34,0,0,18,8,4,4,21,2,0
249,229,9,224,2,1,1,1,1,2,1,2,0,0,4,2,1,1,0,0,3,15,6,43,20,10,7,0,11,57,83,0,0,22,13,1,4,44,2,0
247,294,30,5,3,1,1,1,1,2,1,2,0,2,3,4,4,1,0,1,8,5,10,23,13,10,16,0,28,57,83,0,0,22,18,1,4,23,2,0
244,7,44,65,2,1,1,1,1,2,1,2,0,1,3,4,4,1,0,1,11,1,20,16,17,10,2,0,35,57,83,0,0,15,12,1,4,21,2,0
247,152,53,40,2,1,1,1,1,2,1,2,0,0,4,3,5,4,0,0,8,5,10,34,16,11,7,0,2,57,83,0,0,22,13,1,4,27,2,0
248,268,65,49,2,1,1,1,1,1,1,2,0,2,3,5,5,4,0,0,6,7,3,28,19,9,20,0,42,57,83,0,0,20,13,1,4,28,2,0
250,118,55,152,2,1,1,1,1,1,1,2,0,2,4,2,1,4,0,0,18,16,7,47,19,7,11,0,45,57,83,0,0,9,13,1,4,21,2,0
246,349,55,54,2,1,1,1,1,1,1,2,0,2,3,4,1,4,0,0,6,13,8,40,13,11,2,0,31,57,83,0,0,9,15,1,4,0,2,0
245,95,55,53,2,1,1,1,1,1,1,2,0,2,4,3,1,4,0,0,13,15,3,53,11,7,12,0,55,57,83,0,0,18,8,1,4,35,2,0
251,269,60,46,2,1,1,1,1,1,1,2,0,2,3,5,6,4,0,1,8,17,20,10,26,11,12,0,51,57,83,0,0,0,1,1,4,10,2,0
252,194,59,60,2,1,1,1,1,2,1,2,0,2,3,6,1,3,0,1,13,18,6,53,21,10,2,0,48,57,83,0,0,15,21,1,4,43,2,0
253,212,59,60,2,1,1,1,1,2,1,2,0,2,4,3,5,3,0,0,15,21,10,28,21,2,8,0,53,57,83,0,0,22,21,1,4,25,2,0
254,329,21,96,3,1,1,1,1,2,3,2,0,0,3,5,1,4,0,1,18,21,10,62,21,16,17,0,31,57,83,0,0,17,6,1,4,21,2,0
255,287,21,96,3,1,1,1,1,2,3,2,0,2,3,5,1,4,0,0,18,19,10,55,23,14,10,0,27,57,83,0,0,22,13,1,4,26,2,0
256,314,60,47,2,1,1,1,1,2,3,2,0,2,3,5,1,4,0,0,8,22,10,40,27,14,12,0,35,57,83,0,0,22,13,1,4,26,2,0
257,206,59,61,2,1,1,1,1,1,1,2,0,2,4,3,0,3,0,0,6,21,8,30,22,11,14,0,55,57,83,0,0,22,13,1,4,26,2,0
258,6,44,67,1,1,1,1,1,2,1,2,0,2,3,4,4,3,0,0,15,31,10,26,21,10,12,0,47,57,83,0,0,22,13,1,4,21,2,0
259,140,49,250,3,1,1,1,1,2,3,2,0,2,4,2,5,2,0,1,15,32,10,23,27,11,4,0,5,57,83,0,0,22,24,1,4,24,2,0
261,0,74,153,1,3,1,1,2,3,4,4,0,3,1,3,1,5,0,0,28,27,12,23,25,22,5,0,3,57,83,0,0,22,32,1,4,34,2,0
262,403,78,68,1,3,1,1,2,4,6,4,0,4,3,4,1,7,0,0,28,28,6,34,20,10,17,0,43,57,83,0,0,21,13,1,4,47,2,0
263,417,73,100,1,3,1,1,2,3,4,4,0,4,1,3,5,5,0,0,28,32,11,30,21,11,10,0,44,57,83,0,0,22,13,1,4,47,2,0
264,408,78,69,1,3,1,1,2,4,6,4,0,4,3,4,4,6,0,1,28,15,12,37,23,22,12,0,48,57,83,0,0,32,32,1,4,34,2,0
265,406,78,69,1,3,1,1,2,4,6,4,0,4,3,4,4,6,0,1,28,25,11,28,23,7,4,0,45,57,83,0,0,22,13,1,4,14,2,0
266,404,78,69,1,3,1,1,2,4,6,4,0,4,3,4,4,6,0,1,28,25,8,26,21,0,7,0,48,57,83,0,0,22,13,1,4,17,2,0
267,405,78,69,1,3,1,1,2,4,6,4,0,4,3,4,4,6,0,3,28,21,11,18,23,10,20,0,45,57,83,0,0,22,12,1,4,17,2,0
260,422,75,154,1,3,1,1,2,4,6,4,0,0,1,3,1,5,0,1,28,21,14,30,19,7,11,0,6,57,83,0,0,22,32,1,4,17,2,0
268,431,69,143,1,3,1,1,2,4,6,4,0,4,1,3,1,5,0,1,28,12,4,28,26,7,6,0,17,57,83,0,0,13,22,1,4,17,2,0
269,402,82,6,1,3,1,1,2,4,6,4,0,4,3,4,4,7,0,1,28,20,14,34,17,11,12,0,42,57,83,0,0,22,16,1,4,17,2,0
270,419,74,155,1,3,1,1,2,4,5,4,0,4,1,3,1,5,0,0,28,18,11,19,13,18,10,0,27,57,83,0,0,24,21,1,4,45,2,0
271,423,74,155,1,3,1,1,2,4,5,4,0,4,1,3,1,5,0,0,28,4,11,30,12,10,12,0,35,57,83,0,0,22,21,1,4,45,2,0
272,420,79,251,1,3,1,1,2,3,4,4,0,4,1,3,1,5,0,1,28,11,11,53,21,3,7,0,35,57,83,0,0,22,21,1,0,77,1,0
273,428,80,112,1,3,1,1,2,4,6,1,0,4,1,2,1,6,0,0,28,0,11,44,29,8,10,0,42,57,83,0,0,20,14,1,4,44,2,0
274,432,77,140,1,3,1,1,2,3,4,1,0,4,4,0,4,6,0,0,28,5,12,23,11,11,34,0,4,57,83,0,0,15,21,1,4,72,2,0
275,430,70,175,1,3,1,1,2,3,4,1,0,4,4,0,4,5,0,1,28,4,11,40,13,11,29,0,7,57,83,0,0,22,27,1,4,51,1,0
276,427,69,133,1,3,1,1,2,4,5,1,0,4,1,2,1,5,0,1,28,5,11,48,25,10,8,0,25,57,83,0,0,22,13,1,4,51,1,0
277,407,78,256,1,3,1,1,2,4,6,1,0,4,3,4,4,7,0,0,28,9,0,45,15,11,12,0,63,57,83,0,0,26,0,1,4,51,1,0
278,418,81,120,1,3,1,1,2,5,6,1,0,4,1,3,1,7,0,0,28,12,6,48,27,3,36,0,42,57,83,0,0,17,26,1,4,63,1,0
279,434,72,201,1,3,1,1,2,5,6,1,0,4,3,5,1,4,3,0,8,19,3,28,21,11,12,0,45,57,83,0,0,22,13,1,4,21,2,2
35,2,0,240,0,0,0,0,0,0,0,0,0,0,0,3,1,0,0,2,0,37,21,28,21,11,12,0,45,57,83,0,0,22,13,1,4,21,2,2
280,148,79,252,1,3,1,1,2,3,4,1,0,4,1,3,1,5,0,1,28,17,4,40,16,4,7,0,20,57,83,0,0,22,6,1,4,62,2,0
281,397,78,257,1,3,1,1,2,5,6,1,0,0,1,3,1,7,0,1,28,19,11,28,21,7,12,0,56,57,83,0,0,28,5,1,4,68,2,0
282,413,78,258,1,3,1,1,2,4,6,1,0,4,3,6,1,7,0,1,28,19,11,48,29,11,7,0,48,57,83,0,0,30,25,1,4,57,1,0
283,421,79,253,1,3,1,1,2,3,4,1,0,4,1,2,1,5,0,1,28,21,11,16,32,20,9,0,31,57,83,0,0,30,21,1,4,21,1,0
284,429,81,186,1,3,1,1,2,3,4,1,0,4,1,2,1,5,0,1,28,15,4,48,15,10,16,0,42,57,83,0,0,23,14,1,4,31,1,0
285,429,74,104,1,3,1,1,2,3,4,1,0,4,1,3,5,5,0,1,28,21,4,53,16,12,7,0,27,57,83,0,0,16,14,1,4,31,1,0
286,426,81,186,1,3,1,1,2,3,4,1,0,4,1,2,5,5,0,0,28,20,4,53,36,10,9,0,27,57,83,0,0,22,13,1,4,47,2,0
287,416,76,107,1,3,1,1,2,4,6,1,0,4,3,4,4,7,0,1,28,19,8,34,21,11,20,0,55,57,83,0,0,13,18,1,4,57,2,0
288,433,83,255,1,3,1,1,2,4,6,1,0,0,3,5,1,7,0,1,28,19,20,34,19,14,12,0,58,57,83,0,0,6,14,1,4,19,2,0
291,412,78,259,1,3,1,1,2,4,4,1,0,4,3,7,1,7,0,0,28,18,20,53,14,11,17,0,58,57,83,0,0,23,18,1,4,73,2,0
290,415,71,236,1,3,1,1,2,5,6,1,0,3,3,7,1,7,0,1,28,19,20,40,24,22,10,0,76,57,83,0,0,22,14,1,4,72,2,0
289,414,71,236,1,3,1,1,2,5,6,1,0,4,3,7,5,7,0,1,28,25,20,27,17,18,12,0,78,57,83,0,0,1,5,1,4,72,2,0
293,410,78,259,1,3,1,1,2,4,6,1,0,0,3,6,1,7,0,0,28,21,11,59,21,18,14,0,51,57,83,0,0,32,32,1,4,67,2,0
292,409,78,259,1,3,1,1,2,4,6,1,0,0,3,6,5,7,0,0,28,17,20,57,23,18,7,0,50,57,83,0,0,4,13,1,4,72,2,0
294,424,68,232,1,3,1,1,2,4,4,1,0,4,1,2,0,7,0,0,28,19,4,43,17,8,16,0,58,57,83,0,0,0,1,1,4,67,2,0
294,408,78,260,1,3,1,1,2,4,4,1,0,0,3,6,1,7,0,0,28,19,11,48,11,18,16,0,52,57,83,0,0,24,30,1,4,59,2,0
295,411,78,260,1,3,1,1,2,4,6,1,0,0,3,7,1,7,0,0,28,11,8,47,17,18,16,0,52,57,83,0,0,9,28,1,4,59,2,0
295,425,68,232,1,3,1,1,2,4,6,1,0,4,1,2,0,7,0,0,28,11,4,19,16,11,7,0,57,57,83,0,0,22,13,1,4,61,2,0
35,169,49,240,2,1,3,2,1,2,1,2,1,2,3,3,1,4,3,0,8,19,3,28,21,11,12,0,45,57,83,0,0,22,13,1,4,21,2,2
35,169,49,240,2,1,3,2,1,2,1,2,1,2,3,3,1,4,3,0,8,19,3,28,21,11,12,0,45,57,83,0,0,22,13,1,4,21,2,2
35,169,49,240,2,1,3,2,1,2,1,2,1,2,3,3,1,4,3,0,8,19,3,28,21,11,12,0,45,57,83,0,0,22,13,1,4,21,2,2
35,169,49,240,2,1,3,2,1,2,1,2,1,2,3,3,1,4,3,0,8,19,3,28,21,11,12,0,45,57,83,0,0,22,13,1,4,21,2,2
35,169,49,240,2,1,3,2,1,2,1,2,1,2,3,3,1,4,3,0,8,19,3,28,21,11,12,0,45,57,83,0,0,22,13,1,4,21,2,2
35,169,49,240,2,1,3,2,1,2,1,2,1,2,3,3,1,4,3,0,8,19,3,28,21,11,12,0,45,57,83,0,0,22,13,1,4,21,2,2
35,169,49,240,2,1,3,2,1,2,1,2,1,2,3,3,1,4,3,0,8,19,3,28,21,11,12,0,45,57,83,0,0,22,13,1,4,21,2,2
35,169,49,240,2,1,3,2,1,2,1,2,1,2,3,3,1,4,3,0,8,19,3,28,21,11,12,0,45,57,83,0,0,22,13,1,4,21,2,2
35,169,49,240,2,1,3,2,1,2,1,2,1,2,3,3,1,4,3,0,8,19,3,28,21,11,12,0,45,57,83,0,0,22,13,1,4,21,2,2
77,330,61,15,3,1,3,2,1,2,3,2,1,2,3,4,4,4,3,1,13,19,10,16,6,10,7,91,20,8,67,8,0,22,13,4,4,75,2,0
246,349,55,54,2,1,1,1,1,1,1,2,0,2,3,4,1,4,0,0,6,13,8,40,13,11,2,0,31,57,83,0,0,9,15,1,4,0,2,0
67,216,59,74,2,1,3,2,1,1,1,2,1,1,4,2,0,3,1,0,8,14,8,16,23,10,12,0,60,75,26,3,0,22,12,1,4,8,0,0
140,383,7,191,3,1,3,2,1,2,3,2,1,2,3,6,1,4,3,1,13,6,6,48,13,11,2,81,5,25,32,8,0,22,13,9,4,18,2,0
85,108,5,81,2,1,3,2,1,1,1,2,1,2,4,2,5,4,1,0,7,8,3,40,17,17,36,0,61,70,51,5,0,28,16,3,4,13,2,0
16,74,50,165,3,1,3,2,1,2,3,2,1,1,1,0,1,2,3,0,15,21,3,20,41,11,35,0,27,43,103,0,0,29,13,8,2,21,2,0
258,6,44,67,1,1,1,1,1,2,1,2,0,2,3,4,4,3,0,0,15,31,10,26,21,10,12,0,47,57,83,0,0,22,13,1,4,21,2,0
151,23,44,36,1,1,3,2,1,2,3,2,1,1,3,6,1,4,5,1,28,5,8,47,13,18,8,0,55,70,51,0,0,22,13,7,4,49,2,0
77,330,61,15,3,1,3,2,1,2,3,2,1,2,3,4,4,4,3,1,13,19,10,16,6,10,7,91,20,8,67,8,0,22,13,4,4,75,2,0
94,115,65,102,2,1,3,2,1,1,1,2,1,2,4,2,1,4,1,0,5,10,6,16,35,10,7,0,45,76,15,0,0,17,13,1,4,21,2,0
281,397,78,257,1,3,1,1,2,5,6,1,0,0,1,3,1,7,0,1,28,19,11,28,21,7,12,0,56,57,83,0,0,28,5,1,4,68,2,0
285,429,74,104,1,3,1,1,2,3,4,1,0,4,1,3,5,5,0,1,28,21,4,53,16,12,7,0,27,57,83,0,0,16,14,1,4,31,1,0
29,395,61,9,3,1,3,2,1,2,3,2,1,1,3,4,4,4,3,0,18,14,6,36,21,18,12,121,53,2,1,3,0,24,13,7,3,21,2,0
272,420,79,251,1,3,1,1,2,3,4,4,0,4,1,3,1,5,0,1,28,11,11,53,21,3,7,0,35,57,83,0,0,22,21,1,0,77,1,0
59,227,27,231,3,1,3,2,1,2,3,2,3,0,4,2,0,3,3,1,13,14,14,28,25,11,10,6,27,40,99,0,0,29,12,4,0,61,2,0
87,75,49,243,3,1,3,2,1,2,3,2,1,1,1,0,4,2,3,0,8,10,6,11,31,11,24,0,9,70,51,0,0,29,8,7,4,13,2,0
72,125,44,151,2,1,3,2,1,2,3,2,1,2,4,2,1,4,6,1,13,23,12,16,26,11,10,93,45,20,28,0,0,22,5,5,4,76,2,0
81,102,66,101,2,1,3,2,1,1,1,2,1,2,4,3,5,4,0,0,6,8,14,4,16,11,36,0,55,70,51,0,0,22,15,1,4,21,2,0
210,144,9,220,2,1,3,2,1,2,1,2,1,1,4,3,5,2,0,0,18,26,9,62,19,18,10,0,20,57,83,7,0,22,8,5,4,21,2,0
111,128,6,234,3,1,3,2,1,2,3,2,1,2,4,2,5,2,1,1,11,25,10,40,29,11,15,0,20,49,98,0,0,28,15,7,4,34,2,0
207,75,9,219,2,1,3,2,1,2,1,2,1,2,4,2,1,2,0,0,8,34,3,23,17,10,4,0,4,57,83,3,0,22,13,5,4,21,2,0
192,400,44,198,2,1,3,2,1,2,1,2,1,2,4,2,5,4,3,1,6,27,15,23,35,18,17,0,51,72,44,0,0,22,13,5,4,55,2,0
118,176,49,245,3,1,3,2,1,2,3,2,3,2,1,0,4,2,3,0,15,10,14,1,11,11,34,0,31,64,72,4,0,29,13,7,4,34,2,0
59,227,27,231,3,1,3,2,1,2,3,2,3,0,4,2,0,3,3,1,13,14,14,28,25,11,10,6,27,40,99,0,0,29,12,4,0,61,2,0
231,116,60,138,2,1,2,2,1,1,1,2,1,2,4,3,1,2,0,0,8,3,20,48,26,10,12,16,51,35,94,0,0,29,13,1,4,32,2,0
169,328,61,30,3,1,3,2,1,2,3,2,1,1,3,4,4,4,3,1,18,18,10,19,13,10,7,117,42,11,9,3,0,21,12,4,4,31,2,0
110,315,61,20,3,1,3,2,1,2,3,2,1,2,3,4,4,4,3,0,25,15,2,48,14,16,2,100,45,18,21,0,0,22,10,4,4,70,2,0
262,403,78,68,1,3,1,1,2,4,6,4,0,4,3,4,1,7,0,0,28,28,6,34,20,10,17,0,43,57,83,0,0,21,13,1,4,47,2,0
257,206,59,61,2,1,1,1,1,1,1,2,0,2,4,3,0,3,0,0,6,21,8,30,22,11,14,0,55,57,83,0,0,22,13,1,4,26,2,0
151,23,44,36,1,1,3,2,1,2,3,2,1,1,3,6,1,4,5,1,28,5,8,47,13,18,8,0,55,70,51,0,0,22,13,7,4,49,2,0
233,362,61,35,3,1,3,2,1,2,3,2,1,2,3,4,4,4,0,1,8,12,3,23,26,11,7,61,48,31,46,5,0,0,1,4,4,67,2,0
273,428,80,112,1,3,1,1,2,4,6,1,0,4,1,2,1,6,0,0,28,0,11,44,29,8,10,0,42,57,83,0,0,20,14,1,4,44,2,0
202,150,47,218,3,1,3,2,1,2,3,2,1,2,4,3,1,2,1,0,21,31,3,23,26,3,36,0,82,69,53,0,0,22,13,4,4,49,2,0
151,370,44,200,3,1,3,2,1,2,3,2,1,2,3,5,5,4,5,1,8,5,13,60,26,9,12,0,51,70,51,8,0,13,20,7,4,49,2,0
66,216,59,74,2,1,3,2,1,1,1,2,1,2,4,2,0,3,1,0,6,36,14,31,13,18,18,0,63,75,26,0,0,22,13,1,4,7,0,0
199,203,58,116,3,1,3,2,1,2,3,2,1,2,4,3,1,3,3,0,8,33,10,16,29,11,14,0,41,63,73,7,0,22,13,7,4,31,2,0
291,412,78,259,1,3,1,1,2,4,4,1,0,4,3,7,1,7,0,0,28,18,20,53,14,11,17,0,58,57,83,0,0,23,18,1,4,73,2,0
12,82,49,240,3,1,3,2,1,2,3,2,1,2,4,3,5,2,3,0,13,28,10,47,25,7,9,111,45,1,55,10,0,23,3,7,1,12,2,0
208,177,62,114,3,1,3,2,1,2,3,2,1,1,1,0,4,2,0,1,7,30,3,40,21,10,29,32,30,41,60,7,0,29,13,2,4,32,2,0
290,415,71,236,1,3,1,1,2,5,6,1,0,3,3,7,1,7,0,1,28,19,20,40,24,22,10,0,76,57,83,0,0,22,14,1,4,72,2,0
257,206,59,61,2,1,1,1,1,1,1,2,0,2,4,3,0,3,0,0,6,21,8,30,22,11,14,0,55,57,83,0,0,22,13,1,4,26,2,0
277,407,78,256,1,3,1,1,2,4,6,1,0,4,3,4,4,7,0,0,28,9,0,45,15,11,12,0,63,57,83,0,0,26,0,1,4,51,1,0
140,383,7,191,3,1,3,2,1,2,3,2,1,2,3,6,1,4,3,1,13,6,6,48,13,11,2,81,5,25,32,8,0,22,13,9,4,18,2,0
259,140,49,250,3,1,1,1,1,2,3,2,0,2,4,2,5,2,0,1,15,32,10,23,27,11,4,0,5,57,83,0,0,22,24,1,4,24,2,0
259,140,49,250,3,1,1,1,1,2,3,2,0,2,4,2,5,2,0,1,15,32,10,23,27,11,4,0,5,57,83,0,0,22,24,1,4,24,2,0
247,294,30,5,3,1,1,1,1,2,1,2,0,2,3,4,4,1,0,1,8,5,10,23,13,10,16,0,28,57,83,0,0,22,18,1,4,23,2,0
259,140,49,250,3,1,1,1,1,2,3,2,0,2,4,2,5,2,0,1,15,32,10,23,27,11,4,0,5,57,83,0,0,22,24,1,4,24,2,0
197,147,16,173,3,1,3,2,1,2,2,2,1,2,4,2,1,2,3,0,8,30,8,44,20,10,12,0,20,70,51,8,0,22,13,6,4,49,2,0
80,100,64,146,1,2,3,2,1,1,1,2,1,2,4,2,1,4,1,3,28,7,20,43,14,10,12,0,55,68,56,0,0,26,13,1,4,21,2,0
191,4,44,198,2,1,3,2,1,2,1,2,1,2,3,6,5,4,3,0,10,23,15,28,17,18,2,23,55,40,74,0,0,22,13,5,4,38,2,0
5,105,11,83,3,1,3,2,1,2,3,2,3,2,4,3,5,4,3,0,11,14,3,40,13,5,19,85,31,24,28,0,0,22,2,6,1,17,2,0
111,128,6,234,3,1,3,2,1,2,3,2,1,2,4,2,5,2,1,1,11,25,10,40,29,11,15,0,20,49,98,0,0,28,15,7,4,34,2,0
197,147,16,173,3,1,3,2,1,2,2,2,1,2,4,2,1,2,3,0,8,30,8,44,20,10,12,0,20,70,51,8,0,22,13,6,4,49,2,0
108,44,22,115,3,1,3,2,1,2,3,2,1,1,4,2,5,2,3,0,8,19,10,26,28,22,11,0,1,57,83,0,0,28,13,7,4,49,2,0
151,23,44,36,1,1,3,2,1,2,3,2,1,1,3,6,1,4,5,1,28,5,8,47,13,18,8,0,55,70,51,0,0,22,13,7,4,49,2,0
26,129,28,163,3,1,3,2,1,2,2,2,1,2,1,0,4,2,3,0,15,24,14,4,33,10,28,0,5,57,83,0,0,29,15,7,2,21,2,0
240,351,19,52,3,1,3,2,1,1,1,2,1,2,3,5,5,4,0,0,3,5,3,16,14,9,12,0,45,57,83,0,0,0,1,1,4,21,2,0
144,24,44,200,3,1,3,2,1,2,3,2,1,1,3,6,5,4,5,3,8,12,13,22,17,11,0,36,55,28,83,3,0,24,20,7,4,21,2,0
103,255,58,103,3,1,3,2,1,2,2,2,1,1,4,3,1,3,3,0,9,7,8,23,19,18,10,0,45,67,58,0,0,22,24,7,4,21,2,0
66,216,59,74,2,1,3,2,1,1,1,2,1,2,4,2,0,3,1,0,6,36,14,31,13,18,18,0,63,75,26,0,0,22,13,1,4,7,0,0
9,48,49,240,3,1,3,2,1,2,3,2,3,2,4,3,5,2,3,0,15,15,10,23,25,3,6,111,20,1,55,0,0,30,6,7,1,37,2,0
140,345,7,106,3,1,3,2,1,2,3,2,1,2,3,6,1,4,3,1,11,6,12,53,19,11,0,81,2,25,32,0,0,22,13,9,4,18,2,0
129,22,44,195,2,1,3,2,1,1,1,2,1,2,3,6,5,4,4,1,11,7,3,16,11,18,2,42,48,51,23,0,0,15,8,5,4,58,2,0
66,216,59,74,2,1,3,2,1,1,1,2,1,1,4,2,0,3,1,0,6,21,8,28,11,18,15,0,73,75,26,0,0,22,13,1,4,8,0,0
192,400,44,198,2,1,3,2,1,2,1,2,1,2,4,2,5,4,3,1,6,27,15,23,35,18,17,0,51,72,44,0,0,22,13,5,4,55,2,0
110,315,61,20,3,1,3,2,1,2,3,2,1,2,3,4,4,4,3,0,25,15,2,48,14,16,2,100,45,18,21,0,0,22,10,4,4,70,2,0
39,246,54,157,3,1,3,2,1,2,3,2,3,1,4,3,1,2,3,1,21,21,10,40,28,10,8,61,15,25,64,7,0,29,18,7,4,8,2,0
63,217,59,74,2,1,3,2,1,1,1,2,1,1,4,2,0,3,1,0,8,25,3,34,14,11,10,0,48,75,26,0,0,26,13,1,4,21,0,0
83,127,5,81,2,1,3,2,1,1,1,2,1,1,4,2,1,4,1,0,8,8,6,34,26,11,7,19,55,54,49,0,0,22,13,3,4,13,2,0
257,206,59,61,2,1,1,1,1,1,1,2,0,2,4,3,0,3,0,0,6,21,8,30,22,11,14,0,55,57,83,0,0,22,13,1,4,26,2,0
268,431,69,143,1,3,1,1,2,4,6,4,0,4,1,3,1,5,0,1,28,12,4,28,26,7,6,0,17,57,83,0,0,13,22,1,4,17,2,0
241,5,44,64,2,1,3,2,1,2,1,2,1,2,3,4,4,4,0,1,8,4,3,28,13,5,12,0,55,54,89,3,0,22,3,5,4,66,2,0
128,24,44,195,2,1,3,2,1,1,1,2,1,2,3,6,5,4,4,1,8,7,3,23,15,18,7,42,58,51,23,0,0,20,8,5,4,58,2,0
247,294,30,5,3,1,1,1,1,2,1,2,0,2,3,4,4,1,0,1,8,5,10,23,13,10,16,0,28,57,83,0,0,22,18,1,4,23,2,0
181,356,61,32,3,1,3,2,1,2,3,2,1,2,3,4,4,4,3,0,11,22,8,16,17,11,2,13,45,46,75,5,0,15,10,4,4,31,2,0
275,430,70,175,1,3,1,1,2,3,4,1,0,4,4,0,4,5,0,1,28,4,11,40,13,11,29,0,7,57,83,0,0,22,27,1,4,51,1,0
33,232,47,161,3,1,3,2,1,2,3,2,1,2,4,2,1,2,3,0,21,23,12,30,34,18,7,0,31,45,18,0,0,22,13,7,2,21,2,0
243,97,43,38,3,1,3,2,1,2,2,2,1,2,4,3,1,4,0,0,15,5,3,31,19,18,6,0,48,57,83,0,0,28,15,7,4,32,2,0
198,360,64,187,2,1,3,2,1,2,1,2,1,2,3,5,5,4,1,0,8,29,3,48,23,9,12,7,51,51,74,0,0,7,10,1,4,49,2,0
81,102,66,101,2,1,3,2,1,1,1,2,1,2,4,3,5,4,0,0,6,8,14,4,16,11,36,0,55,70,51,0,0,22,15,1,4,21,2,0
103,255,58,103,3,1,3,2,1,2,2,2,1,1,4,3,1,3,3,0,9,7,8,23,19,18,10,0,45,67,58,0,0,22,24,7,4,21,2,0
118,176,49,245,3,1,3,2,1,2,3,2,3,2,1,0,4,2,3,0,15,10,14,1,11,11,34,0,31,64,72,4,0,29,13,7,4,34,2,0
106,132,6,234,3,1,3,2,1,2,2,2,1,1,4,2,1,2,1,0,11,7,8,16,30,11,8,0,15,57,83,3,0,22,13,7,4,34,2,0
192,304,24,110,2,1,3,2,1,1,1,2,1,1,3,5,1,4,1,0,8,27,20,40,21,14,20,0,68,70,51,0,0,22,8,1,4,67,2,0
85,289,44,148,3,1,3,2,1,2,3,2,1,1,3,7,1,4,3,0,24,8,3,40,19,11,12,72,58,14,87,0,0,15,13,7,4,21,2,0
35,169,49,240,2,1,3,2,1,2,1,2,1,2,3,3,1,4,3,0,8,19,3,28,21,11,12,0,45,57,83,0,0,22,13,1,4,21,2,2
35,169,49,240,2,1,3,2,1,2,1,2,1,2,3,3,1,4,3,0,8,19,3,28,21,11,12,0,45,57,83,0,0,22,13,1,4,21,2,2
35,2,0,240,0,0,0,0,0,0,0,0,0,0,0,3,1,0,0,2,0,37,21,28,21,11,12,0,45,57,83,0,0,22,13,1,4,21,2,2
35,169,49,240,2,1,3,2,1,2,1,2,1,2,3,3,1,4,3,0,8,19,3,28,21,11,12,0,45,57,83,0,0,22,13,1,4,21,2,2
35,2,0,240,0,0,0,0,0,0,0,0,0,0,0,3,1,0,0,2,0,37,21,28,21,11,12,0,45,57,83,0,0,22,13,1,4,21,2,2
35,169,49,240,2,1,3,2,1,2,1,2,1,2,3,3,1,4,3,0,8,19,3,28,21,11,12,0,45,57,83,0,0,22,13,1,4,21,2,2
35,169,49,240,2,1,3,2,1,2,1,2,1,2,3,3,1,4,3,0,8,19,3,28,21,11,12,0,45,57,83,0,0,22,13,1,4,21,2,2
35,169,49,240,2,1,3,2,1,2,1,2,1,2,3,3,1,4,3,0,8,19,3,28,21,11,12,0,45,57,83,0,0,22,13,1,4,21,2,2
35,169,49,240,2,1,3,2,1,2,1,2,1,2,3,3,1,4,3,0,8,19,3,28,21,11,12,0,45,57,83,0,0,22,13,1,4,21,2,2
35,169,49,240,2,1,3,2,1,2,1,2,1,2,3,3,1,4,3,0,8,19,3,28,21,11,12,0,45,57,83,0,0,22,13,1,4,21,2,2
35,169,49,240,2,1,3,2,1,2,1,2,1,2,3,3,1,4,3,0,8,19,3,28,21,11,12,0,45,57,83,0,0,22,13,1,4,21,2,2
35,169,49,240,2,1,3,2,1,2,1,2,1,2,3,3,1,4,3,0,8,19,3,28,21,11,12,0,45,57,83,0,0,22,13,1,4,21,2,2
35,2,0,240,0,0,0,0,0,0,0,0,0,0,0,3,1,0,0,2,0,37,21,28,21,11,12,0,45,57,83,0,0,22,13,1,4,21,2,2
35,169,49,240,2,1,3,2,1,2,1,2,1,2,3,3,1,4,3,0,8,19,3,28,21,11,12,0,45,57,83,0,0,22,13,1,4,21,2,2
35,169,49,240,2,1,3,2,1,2,1,2,1,2,3,3,1,4,3,0,8,19,3,28,21,11,12,0,45,57,83,0,0,22,13,1,4,21,2,2
35,169,49,240,2,1,3,2,1,2,1,2,1,2,3,3,1,4,3,0,8,19,3,28,21,11,12,0,45,57,83,0,0,22,13,1,4,21,2,2
35,169,49,240,2,1,3,2,1,2,1,2,1,2,3,3,1,4,3,0,8,19,3,28,21,11,12,0,45,57,83,0,0,22,13,1,4,21,2,2
35,169,49,240,2,1,3,2,1,2,1,2,1,2,3,3,1,4,3,0,8,19,3,28,21,11,12,0,45,57,83,0,0,22,13,1,4,21,2,2
279,434,72,201,1,3,1,1,2,5,6,1,0,4,3,5,1,4,3,0,8,19,3,28,21,11,12,0,45,57,83,0,0,22,13,1,4,21,2,2
35,169,49,240,2,1,3,2,1,2,1,2,1,2,3,3,1,4,3,0,8,19,3,28,21,11,12,0,45,57,83,0,0,22,13,1,4,21,2,2
35,169,49,240,2,1,3,2,1,2,1,2,1,2,3,3,1,4,3,0,8,19,3,28,21,11,12,0,45,57,83,0,0,22,13,1,4,21,2,2
35,169,49,240,2,1,3,2,1,2,1,2,1,2,3,3,1,4,3,0,8,19,3,28,21,11,12,0,45,57,83,0,0,22,13,1,4,21,2,2
35,169,49,240,2,1,3,2,1,2,1,2,1,2,3,3,1,4,3,0,8,19,3,28,21,11,12,0,45,57,83,0,0,22,13,1,4,21,2,2
279,434,72,201,1,3,1,1,2,5,6,1,0,4,3,5,1,4,3,0,8,19,3,28,21,11,12,0,45,57,83,0,0,22,13,1,4,21,2,2
35,169,49,240,2,1,3,2,1,2,1,2,1,2,3,3,1,4,3,0,8,19,3,28,21,11,12,0,45,57,83,0,0,22,13,1,4,21,2,2
35,169,49,240,2,1,3,2,1,2,1,2,1,2,3,3,1,4,3,0,8,19,3,28,21,11,12,0,45,57,83,0,0,22,13,1,4,21,2,2
35,169,49,240,2,1,3,2,1,2,1,2,1,2,3,3,1,4,3,0,8,19,3,28,21,11,12,0,45,57,83,0,0,22,13,1,4,21,2,2
35,169,49,240,2,1,3,2,1,2,1,2,1,2,3,3,1,4,3,0,8,19,3,28,21,11,12,0,45,57,83,0,0,22,13,1,4,21,2,2
279,434,72,201,1,3,1,1,2,5,6,1,0,4,3,5,1,4,3,0,8,19,3,28,21,11,12,0,45,57,83,0,0,22,13,1,4,21,2,2
35,169,49,240,2,1,3,2,1,2,1,2,1,2,3,3,1,4,3,0,8,19,3,28,21,11,12,0,45,57,83,0,0,22,13,1,4,21,2,2
35,169,49,240,2,1,3,2,1,2,1,2,1,2,3,3,1,4,3,0,8,19,3,28,21,11,12,0,45,57,83,0,0,22,13,1,4,21,2,2
35,169,49,240,2,1,3,2,1,2,1,2,1,2,3,3,1,4,3,0,8,19,3,28,21,11,12,0,45,57,83,0,0,22,13,1,4,21,2,2
279,434,72,201,1,3,1,1,2,5,6,1,0,4,3,5,1,4,3,0,8,19,3,28,21,11,12,0,45,57,83,0,0,22,13,1,4,21,2,2
35,169,49,240,2,1,3,2,1,2,1,2,1,2,3,3,1,4,3,0,8,19,3,28,21,11,12,0,45,57,83,0,0,22,13,1,4,21,2,2
35,169,49,240,2,1,3,2,1,2,1,2,1,2,3,3,1,4,3,0,8,19,3,28,21,11,12,0,45,57,83,0,0,22,13,1,4,21,2,2
35,169,49,240,2,1,3,2,1,2,1,2,1,2,3,3,1,4,3,0,8,19,3,28,21,11,12,0,45,57,83,0,0,22,13,1,4,21,2,2
35,169,49,240,2,1,3,2,1,2,1,2,1,2,3,3,1,4,3,0,8,19,3,28,21,11,12,0,45,57,83,0,0,22,13,1,4,21,2,2
35,169,49,240,2,1,3,2,1,2,1,2,1,2,3,3,1,4,3,0,8,19,3,28,21,11,12,0,45,57,83,0,0,22,13,1,4,21,2,2
35,169,49,240,2,1,3,2,1,2,1,2,1,2,3,3,1,4,3,0,8,19,3,28,21,11,12,0,45,57,83,0,0,22,13,1,4,21,2,2
35,169,49,240,2,1,3,2,1,2,1,2,1,2,3,3,1,4,3,0,8,19,3,28,21,11,12,0,45,57,83,0,0,22,13,1,4,21,2,2
35,169,49,240,2,1,3,2,1,2,1,2,1,2,3,3,1,4,3,0,8,19,3,28,21,11,12,0,45,57,83,0,0,22,13,1,4,21,2,2
35,169,49,240,2,1,3,2,1,2,1,2,1,2,3,3,1,4,3,0,8,19,3,28,21,11,12,0,45,57,83,0,0,22,13,1,4,21,2,2
35,2,0,240,0,0,0,0,0,0,0,0,0,0,0,3,1,0,0,2,0,37,21,28,21,11,12,0,45,57,83,0,0,22,13,1,4,21,2,2
279,434,72,201,1,3,1,1,2,5,6,1,0,4,3,5,1,4,3,0,8,19,3,28,21,11,12,0,45,57,83,0,0,22,13,1,4,21,2,2
35,169,49,240,2,1,3,2,1,2,1,2,1,2,3,3,1,4,3,0,8,19,3,28,21,11,12,0,45,57,83,0,0,22,13,1,4,21,2,2
35,169,49,240,2,1,3,2,1,2,1,2,1,2,3,3,1,4,3,0,8,19,3,28,21,11,12,0,45,57,83,0,0,22,13,1,4,21,2,2
35,169,49,240,2,1,3,2,1,2,1,2,1,2,3,3,1,4,3,0,8,19,3,28,21,11,12,0,45,57,83,0,0,22,13,1,4,21,2,2
35,169,49,240,2,1,3,2,1,2,1,2,1,2,3,3,1,4,3,0,8,19,3,28,21,11,12,0,45,57,83,0,0,22,13,1,4,21,2,2
35,169,49,240,2,1,3,2,1,2,1,2,1,2,3,3,1,4,3,0,8,19,3,28,21,11,12,0,45,57,83,0,0,22,13,1,4,21,2,2
35,169,49,240,2,1,3,2,1,2,1,2,1,2,3,3,1,4,3,0,8,19,3,28,21,11,12,0,45,57,83,0,0,22,13,1,4,21,2,2
35,169,49,240,2,1,3,2,1,2,1,2,1,2,3,3,1,4,3,0,8,19,3,28,21,11,12,0,45,57,83,0,0,22,13,1,4,21,2,2
35,169,49,240,2,1,3,2,1,2,1,2,1,2,3,3,1,4,3,0,8,19,3,28,21,11,12,0,45,57,83,0,0,22,13,1,4,21,2,2
35,169,49,240,2,1,3,2,1,2,1,2,1,2,3,3,1,4,3,0,8,19,3,28,21,11,12,0,45,57,83,0,0,22,13,1,4,21,2,2
279,434,72,201,1,3,1,1,2,5,6,1,0,4,3,5,1,4,3,0,8,19,3,28,21,11,12,0,45,57,83,0,0,22,13,1,4,21,2,2
35,169,49,240,2,1,3,2,1,2,1,2,1,2,3,3,1,4,3,0,8,19,3,28,21,11,12,0,45,57,83,0,0,22,13,1,4,21,2,2
35,169,49,240,2,1,3,2,1,2,1,2,1,2,3,3,1,4,3,0,8,19,3,28,21,11,12,0,45,57,83,0,0,22,13,1,4,21,2,2
35,169,49,240,2,1,3,2,1,2,1,2,1,2,3,3,1,4,3,0,8,19,3,28,21,11,12,0,45,57,83,0,0,22,13,1,4,21,2,2
279,434,72,201,1,3,1,1,2,5,6,1,0,4,3,5,1,4,3,0,8,19,3,28,21,11,12,0,45,57,83,0,0,22,13,1,4,21,2,2
35,169,49,240,2,1,3,2,1,2,1,2,1,2,3,3,1,4,3,0,8,19,3,28,21,11,12,0,45,57,83,0,0,22,13,1,4,21,2,2
35,169,49,240,2,1,3,2,1,2,1,2,1,2,3,3,1,4,3,0,8,19,3,28,21,11,12,0,45,57,83,0,0,22,13,1,4,21,2,2
35,169,49,240,2,1,3,2,1,2,1,2,1,2,3,3,1,4,3,0,8,19,3,28,21,11,12,0,45,57,83,0,0,22,13,1,4,21,2,2
35,169,49,240,2,1,3,2,1,2,1,2,1,2,3,3,1,4,3,0,8,19,3,28,21,11,12,0,45,57,83,0,0,22,13,1,4,21,2,2
35,169,49,240,2,1,3,2,1,2,1,2,1,2,3,3,1,4,3,0,8,19,3,28,21,11,12,0,45,57,83,0,0,22,13,1,4,21,2,2
35,169,49,240,2,1,3,2,1,2,1,2,1,2,3,3,1,4,3,0,8,19,3,28,21,11,12,0,45,57,83,0,0,22,13,1,4,21,2,2
35,169,49,240,2,1,3,2,1,2,1,2,1,2,3,3,1,4,3,0,8,19,3,28,21,11,12,0,45,57,83,0,0,22,13,1,4,21,2,2
35,169,49,240,2,1,3,2,1,2,1,2,1,2,3,3,1,4,3,0,8,19,3,28,21,11,12,0,45,57,83,0,0,22,13,1,4,21,2,2
35,169,49,240,2,1,3,2,1,2,1,2,1,2,3,3,1,4,3,0,8,19,3,28,21,11,12,0,45,57,83,0,0,22,13,1,4,21,2,2
35,169,49,240,2,1,3,2,1,2,1,2,1,2,3,3,1,4,3,0,8,19,3,28,21,11,12,0,45,57,83,0,0,22,13,1,4,21,2,2
279,434,72,201,1,3,1,1,2,5,6,1,0,4,3,5,1,4,3,0,8,19,3,28,21,11,12,0,45,57,83,0,0,22,13,1,4,21,2,2
35,169,49,240,2,1,3,2,1,2,1,2,1,2,3,3,1,4,3,0,8,19,3,28,21,11,12,0,45,57,83,0,0,22,13,1,4,21,2,2
35,169,49,240,2,1,3,2,1,2,1,2,1,2,3,3,1,4,3,0,8,19,3,28,21,11,12,0,45,57,83,0,0,22,13,1,4,21,2,2
35,169,49,240,2,1,3,2,1,2,1,2,1,2,3,3,1,4,3,0,8,19,3,28,21,11,12,0,45,57,83,0,0,22,13,1,4,21,2,2
35,169,49,240,2,1,3,2,1,2,1,2,1,2,3,3,1,4,3,0,8,19,3,28,21,11,12,0,45,57,83,0,0,22,13,1,4,21,2,2
35,169,49,240,2,1,3,2,1,2,1,2,1,2,3,3,1,4,3,0,8,19,3,28,21,11,12,0,45,57,83,0,0,22,13,1,4,21,2,2
35,169,49,240,2,1,3,2,1,2,1,2,1,2,3,3,1,4,3,0,8,19,3,28,21,11,12,0,45,57,83,0,0,22,13,1,4,21,2,2
35,169,49,240,2,1,3,2,1,2,1,2,1,2,3,3,1,4,3,0,8,19,3,28,21,11,12,0,45,57,83,0,0,22,13,1,4,21,2,2
35,169,49,240,2,1,3,2,1,2,1,2,1,2,3,3,1,4,3,0,8,19,3,28,21,11,12,0,45,57,83,0,0,22,13,1,4,21,2,2
35,169,49,240,2,1,3,2,1,2,1,2,1,2,3,3,1,4,3,0,8,19,3,28,21,11,12,0,45,57,83,0,0,22,13,1,4,21,2,2
35,169,49,240,2,1,3,2,1,2,1,2,1,2,3,3,1,4,3,0,8,19,3,28,21,11,12,0,45,57,83,0,0,22,13,1,4,21,2,2
35,169,49,240,2,1,3,2,1,2,1,2,1,2,3,3,1,4,3,0,8,19,3,28,21,11,12,0,45,57,83,0,0,22,13,1,4,21,2,2
35,2,0,240,0,0,0,0,0,0,0,0,0,0,0,3,1,0,0,2,0,37,21,28,21,11,12,0,45,57,83,0,0,22,13,1,4,21,2,2
35,169,49,240,2,1,3,2,1,2,1,2,1,2,3,3,1,4,3,0,8,19,3,28,21,11,12,0,45,57,83,0,0,22,13,1,4,21,2,2
35,169,49,240,2,1,3,2,1,2,1,2,1,2,3,3,1,4,3,0,8,19,3,28,21,11,12,0,45,57,83,0,0,22,13,1,4,21,2,2
35,169,49,240,2,1,3,2,1,2,1,2,1,2,3,3,1,4,3,0,8,19,3,28,21,11,12,0,45,57,83,0,0,22,13,1,4,21,2,2
35,169,49,240,2,1,3,2,1,2,1,2,1,2,3,3,1,4,3,0,8,19,3,28,21,11,12,0,45,57,83,0,0,22,13,1,4,21,2,2
35,169,49,240,2,1,3,2,1,2,1,2,1,2,3,3,1,4,3,0,8,19,3,28,21,11,12,0,45,57,83,0,0,22,13,1,4,21,2,2
35,169,49,240,2,1,3,2,1,2,1,2,1,2,3,3,1,4,3,0,8,19,3,28,21,11,12,0,45,57,83,0,0,22,13,1,4,21,2,2
35,169,49,240,2,1,3,2,1,2,1,2,1,2,3,3,1,4,3,0,8,19,3,28,21,11,12,0,45,57,83,0,0,22,13,1,4,21,2,2
35,169,49,240,2,1,3,2,1,2,1,2,1,2,3,3,1,4,3,0,8,19,3,28,21,11,12,0,45,57,83,0,0,22,13,1,4,21,2,2
35,169,49,240,2,1,3,2,1,2,1,2,1,2,3,3,1,4,3,0,8,19,3,28,21,11,12,0,45,57,83,0,0,22,13,1,4,21,2,2
35,169,49,240,2,1,3,2,1,2,1,2,1,2,3,3,1,4,3,0,8,19,3,28,21,11,12,0,45,57,83,0,0,22,13,1,4,21,2,2
279,434,72,201,1,3,1,1,2,5,6,1,0,4,3,5,1,4,3,0,8,19,3,28,21,11,12,0,45,57,83,0,0,22,13,1,4,21,2,2
279,434,72,201,1,3,1,1,2,5,6,1,0,4,3,5,1,4,3,0,8,19,3,28,21,11,12,0,45,57,83,0,0,22,13,1,4,21,2,2
35,169,49,240,2,1,3,2,1,2,1,2,1,2,3,3,1,4,3,0,8,19,3,28,21,11,12,0,45,57,83,0,0,22,13,1,4,21,2,2
35,169,49,240,2,1,3,2,1,2,1,2,1,2,3,3,1,4,3,0,8,19,3,28,21,11,12,0,45,57,83,0,0,22,13,1,4,21,2,2
35,169,49,240,2,1,3,2,1,2,1,2,1,2,3,3,1,4,3,0,8,19,3,28,21,11,12,0,45,57,83,0,0,22,13,1,4,21,2,2
35,169,49,240,2,1,3,2,1,2,1,2,1,2,3,3,1,4,3,0,8,19,3,28,21,11,12,0,45,57,83,0,0,22,13,1,4,21,2,2
35,169,49,240,2,1,3,2,1,2,1,2,1,2,3,3,1,4,3,0,8,19,3,28,21,11,12,0,45,57,83,0,0,22,13,1,4,21,2,2
35,169,49,240,2,1,3,2,1,2,1,2,1,2,3,3,1,4,3,0,8,19,3,28,21,11,12,0,45,57,83,0,0,22,13,1,4,21,2,2
35,169,49,240,2,1,3,2,1,2,1,2,1,2,3,3,1,4,3,0,8,19,3,28,21,11,12,0,45,57,83,0,0,22,13,1,4,21,2,2
35,169,49,240,2,1,3,2,1,2,1,2,1,2,3,3,1,4,3,0,8,19,3,28,21,11,12,0,45,57,83,0,0,22,13,1,4,21,2,2
35,169,49,240,2,1,3,2,1,2,1,2,1,2,3,3,1,4,3,0,8,19,3,28,21,11,12,0,45,57,83,0,0,22,13,1,4,21,2,2
35,169,49,240,2,1,3,2,1,2,1,2,1,2,3,3,1,4,3,0,8,19,3,28,21,11,12,0,45,57,83,0,0,22,13,1,4,21,2,2
35,169,49,240,2,1,3,2,1,2,1,2,1,2,3,3,1,4,3,0,8,19,3,28,21,11,12,0,45,57,83,0,0,22,13,1,4,21,2,2
35,169,49,240,2,1,3,2,1,2,1,2,1,2,3,3,1,4,3,0,8,19,3,28,21,11,12,0,45,57,83,0,0,22,13,1,4,21,2,2
279,434,72,201,1,3,1,1,2,5,6,1,0,4,3,5,1,4,3,0,8,19,3,28,21,11,12,0,45,57,83,0,0,22,13,1,4,21,2,2
35,169,49,240,2,1,3,2,1,2,1,2,1,2,3,3,1,4,3,0,8,19,3,28,21,11,12,0,45,57,83,0,0,22,13,1,4,21,2,2
35,169,49,240,2,1,3,2,1,2,1,2,1,2,3,3,1,4,3,0,8,19,3,28,21,11,12,0,45,57,83,0,0,22,13,1,4,21,2,2
35,169,49,240,2,1,3,2,1,2,1,2,1,2,3,3,1,4,3,0,8,19,3,28,21,11,12,0,45,57,83,0,0,22,13,1,4,21,2,2
35,169,49,240,2,1,3,2,1,2,1,2,1,2,3,3,1,4,3,0,8,19,3,28,21,11,12,0,45,57,83,0,0,22,13,1,4,21,2,2
35,169,49,240,2,1,3,2,1,2,1,2,1,2,3,3,1,4,3,0,8,19,3,28,21,11,12,0,45,57,83,0,0,22,13,1,4,21,2,2
35,169,49,240,2,1,3,2,1,2,1,2,1,2,3,3,1,4,3,0,8,19,3,28,21,11,12,0,45,57,83,0,0,22,13,1,4,21,2,2
35,169,49,240,2,1,3,2,1,2,1,2,1,2,3,3,1,4,3,0,8,19,3,28,21,11,12,0,45,57,83,0,0,22,13,1,4,21,2,2
35,169,49,240,2,1,3,2,1,2,1,2,1,2,3,3,1,4,3,0,8,19,3,28,21,11,12,0,45,57,83,0,0,22,13,1,4,21,2,2
279,434,72,201,1,3,1,1,2,5,6,1,0,4,3,5,1,4,3,0,8,19,3,28,21,11,12,0,45,57,83,0,0,22,13,1,4,21,2,2
279,434,72,201,1,3,1,1,2,5,6,1,0,4,3,5,1,4,3,0,8,19,3,28,21,11,12,0,45,57,83,0,0,22,13,1,4,21,2,2
35,169,49,240,2,1,3,2,1,2,1,2,1,2,3,3,1,4,3,0,8,19,3,28,21,11,12,0,45,57,83,0,0,22,13,1,4,21,2,2
35,169,49,240,2,1,3,2,1,2,1,2,1,2,3,3,1,4,3,0,8,19,3,28,21,11,12,0,45,57,83,0,0,22,13,1,4,21,2,2
35,169,49,240,2,1,3,2,1,2,1,2,1,2,3,3,1,4,3,0,8,19,3,28,21,11,12,0,45,57,83,0,0,22,13,1,4,21,2,2
35,2,0,240,0,0,0,0,0,0,0,0,0,0,0,3,1,0,0,2,0,37,21,28,21,11,12,0,45,57,83,0,0,22,13,1,4,21,2,2
35,169,49,240,2,1,3,2,1,2,1,2,1,2,3,3,1,4,3,0,8,19,3,28,21,11,12,0,45,57,83,0,0,22,13,1,4,21,2,2
279,434,72,201,1,3,1,1,2,5,6,1,0,4,3,5,1,4,3,0,8,19,3,28,21,11,12,0,45,57,83,0,0,22,13,1,4,21,2,2
35,169,49,240,2,1,3,2,1,2,1,2,1,2,3,3,1,4,3,0,8,19,3,28,21,11,12,0,45,57,83,0,0,22,13,1,4,21,2,2
279,434,72,201,1,3,1,1,2,5,6,1,0,4,3,5,1,4,3,0,8,19,3,28,21,11,12,0,45,57,83,0,0,22,13,1,4,21,2,2
35,169,49,240,2,1,3,2,1,2,1,2,1,2,3,3,1,4,3,0,8,19,3,28,21,11,12,0,45,57,83,0,0,22,13,1,4,21,2,2
279,434,72,201,1,3,1,1,2,5,6,1,0,4,3,5,1,4,3,0,8,19,3,28,21,11,12,0,45,57,83,0,0,22,13,1,4,21,2,2
35,169,49,240,2,1,3,2,1,2,1,2,1,2,3,3,1,4,3,0,8,19,3,28,21,11,12,0,45,57,83,0,0,22,13,1,4,21,2,2
279,434,72,201,1,3,1,1,2,5,6,1,0,4,3,5,1,4,3,0,8,19,3,28,21,11,12,0,45,57,83,0,0,22,13,1,4,21,2,2
35,2,0,240,0,0,0,0,0,0,0,0,0,0,0,3,1,0,0,2,0,37,21,28,21,11,12,0,45,57,83,0,0,22,13,1,4,21,2,2
35,2,0,240,0,0,0,0,0,0,0,0,0,0,0,3,1,0,0,2,0,37,21,28,21,11,12,0,45,57,83,0,0,22,13,1,4,21,2,2
35,169,49,240,2,1,3,2,1,2,1,2,1,2,3,3,1,4,3,0,8,19,3,28,21,11,12,0,45,57,83,0,0,22,13,1,4,21,2,2
35,169,49,240,2,1,3,2,1,2,1,2,1,2,3,3,1,4,3,0,8,19,3,28,21,11,12,0,45,57,83,0,0,22,13,1,4,21,2,2
35,169,49,240,2,1,3,2,1,2,1,2,1,2,3,3,1,4,3,0,8,19,3,28,21,11,12,0,45,57,83,0,0,22,13,1,4,21,2,2
279,434,72,201,1,3,1,1,2,5,6,1,0,4,3,5,1,4,3,0,8,19,3,28,21,11,12,0,45,57,83,0,0,22,13,1,4,21,2,2
279,434,72,201,1,3,1,1,2,5,6,1,0,4,3,5,1,4,3,0,8,19,3,28,21,11,12,0,45,57,83,0,0,22,13,1,4,21,2,2
35,169,49,240,2,1,3,2,1,2,1,2,1,2,3,3,1,4,3,0,8,19,3,28,21,11,12,0,45,57,83,0,0,22,13,1,4,21,2,2
35,2,0,240,0,0,0,0,0,0,0,0,0,0,0,3,1,0,0,2,0,37,21,28,21,11,12,0,45,57,83,0,0,22,13,1,4,21,2,2
35,169,49,240,2,1,3,2,1,2,1,2,1,2,3,3,1,4,3,0,8,19,3,28,21,11,12,0,45,57,83,0,0,22,13,1,4,21,2,2
35,169,49,240,2,1,3,2,1,2,1,2,1,2,3,3,1,4,3,0,8,19,3,28,21,11,12,0,45,57,83,0,0,22,13,1,4,21,2,2
35,169,49,240,2,1,3,2,1,2,1,2,1,2,3,3,1,4,3,0,8,19,3,28,21,11,12,0,45,57,83,0,0,22,13,1,4,21,2,2
35,169,49,240,2,1,3,2,1,2,1,2,1,2,3,3,1,4,3,0,8,19,3,28,21,11,12,0,45,57,83,0,0,22,13,1,4,21,2,2
35,169,49,240,2,1,3,2,1,2,1,2,1,2,3,3,1,4,3,0,8,19,3,28,21,11,12,0,45,57,83,0,0,22,13,1,4,21,2,2
35,169,49,240,2,1,3,2,1,2,1,2,1,2,3,3,1,4,3,0,8,19,3,28,21,11,12,0,45,57,83,0,0,22,13,1,4,21,2,2
35,169,49,240,2,1,3,2,1,2,1,2,1,2,3,3,1,4,3,0,8,19,3,28,21,11,12,0,45,57,83,0,0,22,13,1,4,21,2,2
35,169,49,240,2,1,3,2,1,2,1,2,1,2,3,3,1,4,3,0,8,19,3,28,21,11,12,0,45,57,83,0,0,22,13,1,4,21,2,2
35,169,49,240,2,1,3,2,1,2,1,2,1,2,3,3,1,4,3,0,8,19,3,28,21,11,12,0,45,57,83,0,0,22,13,1,4,21,2,2
279,434,72,201,1,3,1,1,2,5,6,1,0,4,3,5,1,4,3,0,8,19,3,28,21,11,12,0,45,57,83,0,0,22,13,1,4,21,2,2
35,169,49,240,2,1,3,2,1,2,1,2,1,2,3,3,1,4,3,0,8,19,3,28,21,11,12,0,45,57,83,0,0,22,13,1,4,21,2,2
35,169,49,240,2,1,3,2,1,2,1,2,1,2,3,3,1,4,3,0,8,19,3,28,21,11,12,0,45,57,83,0,0,22,13,1,4,21,2,2
35,169,49,240,2,1,3,2,1,2,1,2,1,2,3,3,1,4,3,0,8,19,3,28,21,11,12,0,45,57,83,0,0,22,13,1,4,21,2,2
35,169,49,240,2,1,3,2,1,2,1,2,1,2,3,3,1,4,3,0,8,19,3,28,21,11,12,0,45,57,83,0,0,22,13,1,4,21,2,2
35,2,0,240,0,0,0,0,0,0,0,0,0,0,0,3,1,0,0,2,0,37,21,28,21,11,12,0,45,57,83,0,0,22,13,1,4,21,2,2
35,169,49,240,2,1,3,2,1,2,1,2,1,2,3,3,1,4,3,0,8,19,3,28,21,11,12,0,45,57,83,0,0,22,13,1,4,21,2,2
35,169,49,240,2,1,3,2,1,2,1,2,1,2,3,3,1,4,3,0,8,19,3,28,21,11,12,0,45,57,83,0,0,22,13,1,4,21,2,2
35,169,49,240,2,1,3,2,1,2,1,2,1,2,3,3,1,4,3,0,8,19,3,28,21,11,12,0,45,57,83,0,0,22,13,1,4,21,2,2
279,434,72,201,1,3,1,1,2,5,6,1,0,4,3,5,1,4,3,0,8,19,3,28,21,11,12,0,45,57,83,0,0,22,13,1,4,21,2,2
35,169,49,240,2,1,3,2,1,2,1,2,1,2,3,3,1,4,3,0,8,19,3,28,21,11,12,0,45,57,83,0,0,22,13,1,4,21,2,2
35,169,49,240,2,1,3,2,1,2,1,2,1,2,3,3,1,4,3,0,8,19,3,28,21,11,12,0,45,57,83,0,0,22,13,1,4,21,2,2
35,169,49,240,2,1,3,2,1,2,1,2,1,2,3,3,1,4,3,0,8,19,3,28,21,11,12,0,45,57,83,0,0,22,13,1,4,21,2,2
35,169,49,240,2,1,3,2,1,2,1,2,1,2,3,3,1,4,3,0,8,19,3,28,21,11,12,0,45,57,83,0,0,22,13,1,4,21,2,2
35,169,49,240,2,1,3,2,1,2,1,2,1,2,3,3,1,4,3,0,8,19,3,28,21,11,12,0,45,57,83,0,0,22,13,1,4,21,2,2
35,169,49,240,2,1,3,2,1,2,1,2,1,2,3,3,1,4,3,0,8,19,3,28,21,11,12,0,45,57,83,0,0,22,13,1,4,21,2,2
35,169,49,240,2,1,3,2,1,2,1,2,1,2,3,3,1,4,3,0,8,19,3,28,21,11,12,0,45,57,83,0,0,22,13,1,4,21,2,2
35,169,49,240,2,1,3,2,1,2,1,2,1,2,3,3,1,4,3,0,8,19,3,28,21,11,12,0,45,57,83,0,0,22,13,1,4,21,2,2
35,169,49,240,2,1,3,2,1,2,1,2,1,2,3,3,1,4,3,0,8,19,3,28,21,11,12,0,45,57,83,0,0,22,13,1,4,21,2,2
35,169,49,240,2,1,3,2,1,2,1,2,1,2,3,3,1,4,3,0,8,19,3,28,21,11,12,0,45,57,83,0,0,22,13,1,4,21,2,2
35,169,49,240,2,1,3,2,1,2,1,2,1,2,3,3,1,4,3,0,8,19,3,28,21,11,12,0,45,57,83,0,0,22,13,1,4,21,2,2
35,169,49,240,2,1,3,2,1,2,1,2,1,2,3,3,1,4,3,0,8,19,3,28,21,11,12,0,45,57,83,0,0,22,13,1,4,21,2,2
35,169,49,240,2,1,3,2,1,2,1,2,1,2,3,3,1,4,3,0,8,19,3,28,21,11,12,0,45,57,83,0,0,22,13,1,4,21,2,2
35,169,49,240,2,1,3,2,1,2,1,2,1,2,3,3,1,4,3,0,8,19,3,28,21,11,12,0,45,57,83,0,0,22,13,1,4,21,2,2
35,169,49,240,2,1,3,2,1,2,1,2,1,2,3,3,1,4,3,0,8,19,3,28,21,11,12,0,45,57,83,0,0,22,13,1,4,21,2,2
279,434,72,201,1,3,1,1,2,5,6,1,0,4,3,5,1,4,3,0,8,19,3,28,21,11,12,0,45,57,83,0,0,22,13,1,4,21,2,2
35,169,49,240,2,1,3,2,1,2,1,2,1,2,3,3,1,4,3,0,8,19,3,28,21,11,12,0,45,57,83,0,0,22,13,1,4,21,2,2
35,169,49,240,2,1,3,2,1,2,1,2,1,2,3,3,1,4,3,0,8,19,3,28,21,11,12,0,45,57,83,0,0,22,13,1,4,21,2,2
35,2,0,240,0,0,0,0,0,0,0,0,0,0,0,3,1,0,0,2,0,37,21,28,21,11,12,0,45,57,83,0,0,22,13,1,4,21,2,2
35,169,49,240,2,1,3,2,1,2,1,2,1,2,3,3,1,4,3,0,8,19,3,28,21,11,12,0,45,57,83,0,0,22,13,1,4,21,2,2
279,434,72,201,1,3,1,1,2,5,6,1,0,4,3,5,1,4,3,0,8,19,3,28,21,11,12,0,45,57,83,0,0,22,13,1,4,21,2,2
35,169,49,240,2,1,3,2,1,2,1,2,1,2,3,3,1,4,3,0,8,19,3,28,21,11,12,0,45,57,83,0,0,22,13,1,4,21,2,2
35,169,49,240,2,1,3,2,1,2,1,2,1,2,3,3,1,4,3,0,8,19,3,28,21,11,12,0,45,57,83,0,0,22,13,1,4,21,2,2
35,169,49,240,2,1,3,2,1,2,1,2,1,2,3,3,1,4,3,0,8,19,3,28,21,11,12,0,45,57,83,0,0,22,13,1,4,21,2,2
35,2,0,240,0,0,0,0,0,0,0,0,0,0,0,3,1,0,0,2,0,37,21,28,21,11,12,0,45,57,83,0,0,22,13,1,4,21,2,2
35,169,49,240,2,1,3,2,1,2,1,2,1,2,3,3,1,4,3,0,8,19,3,28,21,11,12,0,45,57,83,0,0,22,13,1,4,21,2,2
35,169,49,240,2,1,3,2,1,2,1,2,1,2,3,3,1,4,3,0,8,19,3,28,21,11,12,0,45,57,83,0,0,22,13,1,4,21,2,2
35,169,49,240,2,1,3,2,1,2,1,2,1,2,3,3,1,4,3,0,8,19,3,28,21,11,12,0,45,57,83,0,0,22,13,1,4,21,2,2
35,169,49,240,2,1,3,2,1,2,1,2,1,2,3,3,1,4,3,0,8,19,3,28,21,11,12,0,45,57,83,0,0,22,13,1,4,21,2,2
35,169,49,240,2,1,3,2,1,2,1,2,1,2,3,3,1,4,3,0,8,19,3,28,21,11,12,0,45,57,83,0,0,22,13,1,4,21,2,2
35,169,49,240,2,1,3,2,1,2,1,2,1,2,3,3,1,4,3,0,8,19,3,28,21,11,12,0,45,57,83,0,0,22,13,1,4,21,2,2
35,169,49,240,2,1,3,2,1,2,1,2,1,2,3,3,1,4,3,0,8,19,3,28,21,11,12,0,45,57,83,0,0,22,13,1,4,21,2,2
279,434,72,201,1,3,1,1,2,5,6,1,0,4,3,5,1,4,3,0,8,19,3,28,21,11,12,0,45,57,83,0,0,22,13,1,4,21,2,2
35,2,0,240,0,0,0,0,0,0,0,0,0,0,0,3,1,0,0,2,0,37,21,28,21,11,12,0,45,57,83,0,0,22,13,1,4,21,2,2
279,434,72,201,1,3,1,1,2,5,6,1,0,4,3,5,1,4,3,0,8,19,3,28,21,11,12,0,45,57,83,0,0,22,13,1,4,21,2,2
35,169,49,240,2,1,3,2,1,2,1,2,1,2,3,3,1,4,3,0,8,19,3,28,21,11,12,0,45,57,83,0,0,22,13,1,4,21,2,2
35,169,49,240,2,1,3,2,1,2,1,2,1,2,3,3,1,4,3,0,8,19,3,28,21,11,12,0,45,57,83,0,0,22,13,1,4,21,2,2
35,169,49,240,2,1,3,2,1,2,1,2,1,2,3,3,1,4,3,0,8,19,3,28,21,11,12,0,45,57,83,0,0,22,13,1,4,21,2,2
35,169,49,240,2,1,3,2,1,2,1,2,1,2,3,3,1,4,3,0,8,19,3,28,21,11,12,0,45,57,83,0,0,22,13,1,4,21,2,2
35,169,49,240,2,1,3,2,1,2,1,2,1,2,3,3,1,4,3,0,8,19,3,28,21,11,12,0,45,57,83,0,0,22,13,1,4,21,2,2
35,169,49,240,2,1,3,2,1,2,1,2,1,2,3,3,1,4,3,0,8,19,3,28,21,11,12,0,45,57,83,0,0,22,13,1,4,21,2,2
35,169,49,240,2,1,3,2,1,2,1,2,1,2,3,3,1,4,3,0,8,19,3,28,21,11,12,0,45,57,83,0,0,22,13,1,4,21,2,2
35,169,49,240,2,1,3,2,1,2,1,2,1,2,3,3,1,4,3,0,8,19,3,28,21,11,12,0,45,57,83,0,0,22,13,1,4,21,2,2
35,169,49,240,2,1,3,2,1,2,1,2,1,2,3,3,1,4,3,0,8,19,3,28,21,11,12,0,45,57,83,0,0,22,13,1,4,21,2,2
35,169,49,240,2,1,3,2,1,2,1,2,1,2,3,3,1,4,3,0,8,19,3,28,21,11,12,0,45,57,83,0,0,22,13,1,4,21,2,2
35,169,49,240,2,1,3,2,1,2,1,2,1,2,3,3,1,4,3,0,8,19,3,28,21,11,12,0,45,57,83,0,0,22,13,1,4,21,2,2
35,169,49,240,2,1,3,2,1,2,1,2,1,2,3,3,1,4,3,0,8,19,3,28,21,11,12,0,45,57,83,0,0,22,13,1,4,21,2,2
35,169,49,240,2,1,3,2,1,2,1,2,1,2,3,3,1,4,3,0,8,19,3,28,21,11,12,0,45,57,83,0,0,22,13,1,4,21,2,2
279,434,72,201,1,3,1,1,2,5,6,1,0,4,3,5,1,4,3,0,8,19,3,28,21,11,12,0,45,57,83,0,0,22,13,1,4,21,2,2
35,169,49,240,2,1,3,2,1,2,1,2,1,2,3,3,1,4,3,0,8,19,3,28,21,11,12,0,45,57,83,0,0,22,13,1,4,21,2,2
35,169,49,240,2,1,3,2,1,2,1,2,1,2,3,3,1,4,3,0,8,19,3,28,21,11,12,0,45,57,83,0,0,22,13,1,4,21,2,2
35,169,49,240,2,1,3,2,1,2,1,2,1,2,3,3,1,4,3,0,8,19,3,28,21,11,12,0,45,57,83,0,0,22,13,1,4,21,2,2
279,434,72,201,1,3,1,1,2,5,6,1,0,4,3,5,1,4,3,0,8,19,3,28,21,11,12,0,45,57,83,0,0,22,13,1,4,21,2,2
35,169,49,240,2,1,3,2,1,2,1,2,1,2,3,3,1,4,3,0,8,19,3,28,21,11,12,0,45,57,83,0,0,22,13,1,4,21,2,2
35,169,49,240,2,1,3,2,1,2,1,2,1,2,3,3,1,4,3,0,8,19,3,28,21,11,12,0,45,57,83,0,0,22,13,1,4,21,2,2
35,169,49,240,2,1,3,2,1,2,1,2,1,2,3,3,1,4,3,0,8,19,3,28,21,11,12,0,45,57,83,0,0,22,13,1,4,21,2,2
35,169,49,240,2,1,3,2,1,2,1,2,1,2,3,3,1,4,3,0,8,19,3,28,21,11,12,0,45,57,83,0,0,22,13,1,4,21,2,2
35,169,49,240,2,1,3,2,1,2,1,2,1,2,3,3,1,4,3,0,8,19,3,28,21,11,12,0,45,57,83,0,0,22,13,1,4,21,2,2
35,169,49,240,2,1,3,2,1,2,1,2,1,2,3,3,1,4,3,0,8,19,3,28,21,11,12,0,45,57,83,0,0,22,13,1,4,21,2,2
35,169,49,240,2,1,3,2,1,2,1,2,1,2,3,3,1,4,3,0,8,19,3,28,21,11,12,0,45,57,83,0,0,22,13,1,4,21,2,2
35,169,49,240,2,1,3,2,1,2,1,2,1,2,3,3,1,4,3,0,8,19,3,28,21,11,12,0,45,57,83,0,0,22,13,1,4,21,2,2
35,169,49,240,2,1,3,2,1,2,1,2,1,2,3,3,1,4,3,0,8,19,3,28,21,11,12,0,45,57,83,0,0,22,13,1,4,21,2,2
35,2,0,240,0,0,0,0,0,0,0,0,0,0,0,3,1,0,0,2,0,37,21,28,21,11,12,0,45,57,83,0,0,22,13,1,4,21,2,2
35,2,0,240,0,0,0,0,0,0,0,0,0,0,0,3,1,0,0,2,0,37,21,28,21,11,12,0,45,57,83,0,0,22,13,1,4,21,2,2
35,2,0,240,0,0,0,0,0,0,0,0,0,0,0,3,1,0,0,2,0,37,21,28,21,11,12,0,45,57,83,0,0,22,13,1,4,21,2,2
35,169,49,240,2,1,3,2,1,2,1,2,1,2,3,3,1,4,3,0,8,19,3,28,21,11,12,0,45,57,83,0,0,22,13,1,4,21,2,2
35,169,49,240,2,1,3,2,1,2,1,2,1,2,3,3,1,4,3,0,8,19,3,28,21,11,12,0,45,57,83,0,0,22,13,1,4,21,2,2
35,169,49,240,2,1,3,2,1,2,1,2,1,2,3,3,1,4,3,0,8,19,3,28,21,11,12,0,45,57,83,0,0,22,13,1,4,21,2,2
35,169,49,240,2,1,3,2,1,2,1,2,1,2,3,3,1,4,3,0,8,19,3,28,21,11,12,0,45,57,83,0,0,22,13,1,4,21,2,2
279,434,72,201,1,3,1,1,2,5,6,1,0,4,3,5,1,4,3,0,8,19,3,28,21,11,12,0,45,57,83,0,0,22,13,1,4,21,2,2
35,169,49,240,2,1,3,2,1,2,1,2,1,2,3,3,1,4,3,0,8,19,3,28,21,11,12,0,45,57,83,0,0,22,13,1,4,21,2,2
279,434,72,201,1,3,1,1,2,5,6,1,0,4,3,5,1,4,3,0,8,19,3,28,21,11,12,0,45,57,83,0,0,22,13,1,4,21,2,2
35,169,49,240,2,1,3,2,1,2,1,2,1,2,3,3,1,4,3,0,8,19,3,28,21,11,12,0,45,57,83,0,0,22,13,1,4,21,2,2
35,169,49,240,2,1,3,2,1,2,1,2,1,2,3,3,1,4,3,0,8,19,3,28,21,11,12,0,45,57,83,0,0,22,13,1,4,21,2,2
35,169,49,240,2,1,3,2,1,2,1,2,1,2,3,3,1,4,3,0,8,19,3,28,21,11,12,0,45,57,83,0,0,22,13,1,4,21,2,2
35,169,49,240,2,1,3,2,1,2,1,2,1,2,3,3,1,4,3,0,8,19,3,28,21,11,12,0,45,57,83,0,0,22,13,1,4,21,2,2
35,169,49,240,2,1,3,2,1,2,1,2,1,2,3,3,1,4,3,0,8,19,3,28,21,11,12,0,45,57,83,0,0,22,13,1,4,21,2,2
35,169,49,240,2,1,3,2,1,2,1,2,1,2,3,3,1,4,3,0,8,19,3,28,21,11,12,0,45,57,83,0,0,22,13,1,4,21,2,2
279,434,72,201,1,3,1,1,2,5,6,1,0,4,3,5,1,4,3,0,8,19,3,28,21,11,12,0,45,57,83,0,0,22,13,1,4,21,2,2
279,434,72,201,1,3,1,1,2,5,6,1,0,4,3,5,1,4,3,0,8,19,3,28,21,11,12,0,45,57,83,0,0,22,13,1,4,21,2,2
35,169,49,240,2,1,3,2,1,2,1,2,1,2,3,3,1,4,3,0,8,19,3,28,21,11,12,0,45,57,83,0,0,22,13,1,4,21,2,2
35,169,49,240,2,1,3,2,1,2,1,2,1,2,3,3,1,4,3,0,8,19,3,28,21,11,12,0,45,57,83,0,0,22,13,1,4,21,2,2
35,169,49,240,2,1,3,2,1,2,1,2,1,2,3,3,1,4,3,0,8,19,3,28,21,11,12,0,45,57,83,0,0,22,13,1,4,21,2,2
35,169,49,240,2,1,3,2,1,2,1,2,1,2,3,3,1,4,3,0,8,19,3,28,21,11,12,0,45,57,83,0,0,22,13,1,4,21,2,2
35,169,49,240,2,1,3,2,1,2,1,2,1,2,3,3,1,4,3,0,8,19,3,28,21,11,12,0,45,57,83,0,0,22,13,1,4,21,2,2
35,169,49,240,2,1,3,2,1,2,1,2,1,2,3,3,1,4,3,0,8,19,3,28,21,11,12,0,45,57,83,0,0,22,13,1,4,21,2,2
35,169,49,240,2,1,3,2,1,2,1,2,1,2,3,3,1,4,3,0,8,19,3,28,21,11,12,0,45,57,83,0,0,22,13,1,4,21,2,2
35,169,49,240,2,1,3,2,1,2,1,2,1,2,3,3,1,4,3,0,8,19,3,28,21,11,12,0,45,57,83,0,0,22,13,1,4,21,2,2
35,169,49,240,2,1,3,2,1,2,1,2,1,2,3,3,1,4,3,0,8,19,3,28,21,11,12,0,45,57,83,0,0,22,13,1,4,21,2,2
35,169,49,240,2,1,3,2,1,2,1,2,1,2,3,3,1,4,3,0,8,19,3,28,21,11,12,0,45,57,83,0,0,22,13,1,4,21,2,2
35,169,49,240,2,1,3,2,1,2,1,2,1,2,3,3,1,4,3,0,8,19,3,28,21,11,12,0,45,57,83,0,0,22,13,1,4,21,2,2
35,169,49,240,2,1,3,2,1,2,1,2,1,2,3,3,1,4,3,0,8,19,3,28,21,11,12,0,45,57,83,0,0,22,13,1,4,21,2,2
35,2,0,240,0,0,0,0,0,0,0,0,0,0,0,3,1,0,0,2,0,37,21,28,21,11,12,0,45,57,83,0,0,22,13,1,4,21,2,2
35,169,49,240,2,1,3,2,1,2,1,2,1,2,3,3,1,4,3,0,8,19,3,28,21,11,12,0,45,57,83,0,0,22,13,1,4,21,2,2
279,434,72,201,1,3,1,1,2,5,6,1,0,4,3,5,1,4,3,0,8,19,3,28,21,11,12,0,45,57,83,0,0,22,13,1,4,21,2,2
279,434,72,201,1,3,1,1,2,5,6,1,0,4,3,5,1,4,3,0,8,19,3,28,21,11,12,0,45,57,83,0,0,22,13,1,4,21,2,2
35,169,49,240,2,1,3,2,1,2,1,2,1,2,3,3,1,4,3,0,8,19,3,28,21,11,12,0,45,57,83,0,0,22,13,1,4,21,2,2
35,169,49,240,2,1,3,2,1,2,1,2,1,2,3,3,1,4,3,0,8,19,3,28,21,11,12,0,45,57,83,0,0,22,13,1,4,21,2,2
35,169,49,240,2,1,3,2,1,2,1,2,1,2,3,3,1,4,3,0,8,19,3,28,21,11,12,0,45,57,83,0,0,22,13,1,4,21,2,2
35,169,49,240,2,1,3,2,1,2,1,2,1,2,3,3,1,4,3,0,8,19,3,28,21,11,12,0,45,57,83,0,0,22,13,1,4,21,2,2
279,434,72,201,1,3,1,1,2,5,6,1,0,4,3,5,1,4,3,0,8,19,3,28,21,11,12,0,45,57,83,0,0,22,13,1,4,21,2,2
279,434,72,201,1,3,1,1,2,5,6,1,0,4,3,5,1,4,3,0,8,19,3,28,21,11,12,0,45,57,83,0,0,22,13,1,4,21,2,2
35,169,49,240,2,1,3,2,1,2,1,2,1,2,3,3,1,4,3,0,8,19,3,28,21,11,12,0,45,57,83,0,0,22,13,1,4,21,2,2
35,169,49,240,2,1,3,2,1,2,1,2,1,2,3,3,1,4,3,0,8,19,3,28,21,11,12,0,45,57,83,0,0,22,13,1,4,21,2,2
35,169,49,240,2,1,3,2,1,2,1,2,1,2,3,3,1,4,3,0,8,19,3,28,21,11,12,0,45,57,83,0,0,22,13,1,4,21,2,2
35,169,49,240,2,1,3,2,1,2,1,2,1,2,3,3,1,4,3,0,8,19,3,28,21,11,12,0,45,57,83,0,0,22,13,1,4,21,2,2
35,169,49,240,2,1,3,2,1,2,1,2,1,2,3,3,1,4,3,0,8,19,3,28,21,11,12,0,45,57,83,0,0,22,13,1,4,21,2,2
35,169,49,240,2,1,3,2,1,2,1,2,1,2,3,3,1,4,3,0,8,19,3,28,21,11,12,0,45,57,83,0,0,22,13,1,4,21,2,2
279,434,72,201,1,3,1,1,2,5,6,1,0,4,3,5,1,4,3,0,8,19,3,28,21,11,12,0,45,57,83,0,0,22,13,1,4,21,2,2
35,169,49,240,2,1,3,2,1,2,1,2,1,2,3,3,1,4,3,0,8,19,3,28,21,11,12,0,45,57,83,0,0,22,13,1,4,21,2,2
35,169,49,240,2,1,3,2,1,2,1,2,1,2,3,3,1,4,3,0,8,19,3,28,21,11,12,0,45,57,83,0,0,22,13,1,4,21,2,2
279,434,72,201,1,3,1,1,2,5,6,1,0,4,3,5,1,4,3,0,8,19,3,28,21,11,12,0,45,57,83,0,0,22,13,1,4,21,2,2
35,169,49,240,2,1,3,2,1,2,1,2,1,2,3,3,1,4,3,0,8,19,3,28,21,11,12,0,45,57,83,0,0,22,13,1,4,21,2,2
35,169,49,240,2,1,3,2,1,2,1,2,1,2,3,3,1,4,3,0,8,19,3,28,21,11,12,0,45,57,83,0,0,22,13,1,4,21,2,2
35,169,49,240,2,1,3,2,1,2,1,2,1,2,3,3,1,4,3,0,8,19,3,28,21,11,12,0,45,57,83,0,0,22,13,1,4,21,2,2
279,434,72,201,1,3,1,1,2,5,6,1,0,4,3,5,1,4,3,0,8,19,3,28,21,11,12,0,45,57,83,0,0,22,13,1,4,21,2,2
35,169,49,240,2,1,3,2,1,2,1,2,1,2,3,3,1,4,3,0,8,19,3,28,21,11,12,0,45,57,83,0,0,22,13,1,4,21,2,2
35,2,0,240,0,0,0,0,0,0,0,0,0,0,0,3,1,0,0,2,0,37,21,28,21,11,12,0,45,57,83,0,0,22,13,1,4,21,2,2
35,169,49,240,2,1,3,2,1,2,1,2,1,2,3,3,1,4,3,0,8,19,3,28,21,11,12,0,45,57,83,0,0,22,13,1,4,21,2,2
35,169,49,240,2,1,3,2,1,2,1,2,1,2,3,3,1,4,3,0,8,19,3,28,21,11,12,0,45,57,83,0,0,22,13,1,4,21,2,2
35,169,49,240,2,1,3,2,1,2,1,2,1,2,3,3,1,4,3,0,8,19,3,28,21,11,12,0,45,57,83,0,0,22,13,1,4,21,2,2
35,169,49,240,2,1,3,2,1,2,1,2,1,2,3,3,1,4,3,0,8,19,3,28,21,11,12,0,45,57,83,0,0,22,13,1,4,21,2,2
35,169,49,240,2,1,3,2,1,2,1,2,1,2,3,3,1,4,3,0,8,19,3,28,21,11,12,0,45,57,83,0,0,22,13,1,4,21,2,2
35,169,49,240,2,1,3,2,1,2,1,2,1,2,3,3,1,4,3,0,8,19,3,28,21,11,12,0,45,57,83,0,0,22,13,1,4,21,2,2
35,169,49,240,2,1,3,2,1,2,1,2,1,2,3,3,1,4,3,0,8,19,3,28,21,11,12,0,45,57,83,0,0,22,13,1,4,21,2,2
35,2,0,240,0,0,0,0,0,0,0,0,0,0,0,3,1,0,0,2,0,37,21,28,21,11,12,0,45,57,83,0,0,22,13,1,4,21,2,2
35,169,49,240,2,1,3,2,1,2,1,2,1,2,3,3,1,4,3,0,8,19,3,28,21,11,12,0,45,57,83,0,0,22,13,1,4,21,2,2
35,169,49,240,2,1,3,2,1,2,1,2,1,2,3,3,1,4,3,0,8,19,3,28,21,11,12,0,45,57,83,0,0,22,13,1,4,21,2,2
35,2,0,240,0,0,0,0,0,0,0,0,0,0,0,3,1,0,0,2,0,37,21,28,21,11,12,0,45,57,83,0,0,22,13,1,4,21,2,2
35,169,49,240,2,1,3,2,1,2,1,2,1,2,3,3,1,4,3,0,8,19,3,28,21,11,12,0,45,57,83,0,0,22,13,1,4,21,2,2
35,169,49,240,2,1,3,2,1,2,1,2,1,2,3,3,1,4,3,0,8,19,3,28,21,11,12,0,45,57,83,0,0,22,13,1,4,21,2,2
35,2,0,240,0,0,0,0,0,0,0,0,0,0,0,3,1,0,0,2,0,37,21,28,21,11,12,0,45,57,83,0,0,22,13,1,4,21,2,2
35,169,49,240,2,1,3,2,1,2,1,2,1,2,3,3,1,4,3,0,8,19,3,28,21,11,12,0,45,57,83,0,0,22,13,1,4,21,2,2
279,434,72,201,1,3,1,1,2,5,6,1,0,4,3,5,1,4,3,0,8,19,3,28,21,11,12,0,45,57,83,0,0,22,13,1,4,21,2,2
35,169,49,240,2,1,3,2,1,2,1,2,1,2,3,3,1,4,3,0,8,19,3,28,21,11,12,0,45,57,83,0,0,22,13,1,4,21,2,2
279,434,72,201,1,3,1,1,2,5,6,1,0,4,3,5,1,4,3,0,8,19,3,28,21,11,12,0,45,57,83,0,0,22,13,1,4,21,2,2
35,169,49,240,2,1,3,2,1,2,1,2,1,2,3,3,1,4,3,0,8,19,3,28,21,11,12,0,45,57,83,0,0,22,13,1,4,21,2,2
35,169,49,240,2,1,3,2,1,2,1,2,1,2,3,3,1,4,3,0,8,19,3,28,21,11,12,0,45,57,83,0,0,22,13,1,4,21,2,2
35,169,49,240,2,1,3,2,1,2,1,2,1,2,3,3,1,4,3,0,8,19,3,28,21,11,12,0,45,57,83,0,0,22,13,1,4,21,2,2
35,169,49,240,2,1,3,2,1,2,1,2,1,2,3,3,1,4,3,0,8,19,3,28,21,11,12,0,45,57,83,0,0,22,13,1,4,21,2,2
35,169,49,240,2,1,3,2,1,2,1,2,1,2,3,3,1,4,3,0,8,19,3,28,21,11,12,0,45,57,83,0,0,22,13,1,4,21,2,2
35,169,49,240,2,1,3,2,1,2,1,2,1,2,3,3,1,4,3,0,8,19,3,28,21,11,12,0,45,57,83,0,0,22,13,1,4,21,2,2
35,169,49,240,2,1,3,2,1,2,1,2,1,2,3,3,1,4,3,0,8,19,3,28,21,11,12,0,45,57,83,0,0,22,13,1,4,21,2,2
35,169,49,240,2,1,3,2,1,2,1,2,1,2,3,3,1,4,3,0,8,19,3,28,21,11,12,0,45,57,83,0,0,22,13,1,4,21,2,2
35,2,0,240,0,0,0,0,0,0,0,0,0,0,0,3,1,0,0,2,0,37,21,28,21,11,12,0,45,57,83,0,0,22,13,1,4,21,2,2
