Column1,Column2,Column3,Column4,Column5,Column6,Column7,Column8,Column9,Column10,Column11,Column12,Column13,Column14,Column15,Column16,Column17,Column18,Column19,Column20,Column21,class
0,2,2,6,0,2,0,10,3,8,12,12,10,16,16,8,7,8,12,13,108,0
0,2,2,6,0,2,0,10,3,8,12,12,10,16,16,8,7,8,12,13,135,1
0,2,2,6,0,2,0,10,3,8,12,12,10,16,16,8,7,8,12,13,51,2
0,2,2,6,0,2,0,10,3,8,12,12,10,16,16,8,7,8,12,13,44,3
0,2,2,6,0,2,0,10,3,8,12,12,10,16,16,8,7,8,12,13,85,4
0,2,2,6,0,2,0,10,3,8,12,12,10,16,16,8,7,8,12,13,54,5
0,2,2,6,0,2,0,10,3,8,12,12,10,16,16,8,7,8,12,13,26,6
0,2,2,6,0,2,0,10,3,8,12,12,10,16,16,8,7,8,12,13,0,7
0,2,2,6,0,2,0,10,3,8,12,12,10,16,16,8,7,8,12,13,378,8
0,2,2,6,0,2,0,10,3,8,12,12,10,16,16,8,7,8,12,13,33,9
0,2,2,6,0,2,0,10,3,8,12,12,10,16,16,8,7,8,12,13,141,10
0,2,2,6,0,2,0,10,3,8,12,12,10,16,16,8,7,8,12,13,315,11
0,2,2,6,0,2,0,10,3,8,12,12,10,16,16,8,7,8,12,13,17,12
0,2,2,6,0,2,0,10,3,8,12,12,10,16,16,8,7,8,12,13,17,13
0,2,2,6,0,2,0,10,3,8,12,12,10,16,16,8,7,8,12,13,11,14
0,2,2,6,0,2,0,10,3,8,12,12,10,16,16,8,7,8,12,13,45,15
0,2,2,6,0,2,0,10,3,8,12,12,10,16,16,8,7,8,12,13,108,16
0,2,2,6,0,2,0,10,3,8,12,12,10,16,16,8,7,8,12,13,378,17
0,2,2,6,0,2,0,10,3,8,12,12,10,16,16,8,7,8,12,13,128,18
0,2,2,6,0,2,0,10,3,8,12,12,10,16,16,8,7,8,12,13,17,19
0,2,2,6,0,2,0,10,3,8,12,12,10,16,16,8,7,8,12,13,108,20
0,2,2,6,0,2,0,10,3,8,12,12,10,16,16,8,7,8,12,13,147,21
0,2,2,6,0,2,0,10,3,8,12,12,10,16,16,8,7,8,12,13,26,22
0,2,2,6,0,2,0,10,3,8,12,12,10,16,16,8,7,8,12,13,62,23
1,18,17,1,0,0,0,6,5,4,12,12,10,20,19,0,8,5,8,18,187,0
1,18,17,1,0,0,0,6,5,4,12,12,10,20,19,0,8,5,8,18,203,1
1,18,17,1,0,0,0,6,5,4,12,12,10,20,19,0,8,5,8,18,78,2
1,18,17,1,0,0,0,6,5,4,12,12,10,20,19,0,8,5,8,18,297,3
1,18,17,1,0,0,0,6,5,4,12,12,10,20,19,0,8,5,8,18,164,4
1,18,17,1,0,0,0,6,5,4,12,12,10,20,19,0,8,5,8,18,53,5
1,18,17,1,0,0,0,6,5,4,12,12,10,20,19,0,8,5,8,18,432,6
1,18,17,1,0,0,0,6,5,4,12,12,10,20,19,0,8,5,8,18,78,7
1,18,17,1,0,0,0,6,5,4,12,12,10,20,19,0,8,5,8,18,432,8
1,18,17,1,0,0,0,6,5,4,12,12,10,20,19,0,8,5,8,18,318,9
1,18,17,1,0,0,0,6,5,4,12,12,10,20,19,0,8,5,8,18,219,10
1,18,17,1,0,0,0,6,5,4,12,12,10,20,19,0,8,5,8,18,326,11
1,18,17,1,0,0,0,6,5,4,12,12,10,20,19,0,8,5,8,18,0,12
1,18,17,1,0,0,0,6,5,4,12,12,10,20,19,0,8,5,8,18,229,13
1,18,17,1,0,0,0,6,5,4,12,12,10,20,19,0,8,5,8,18,312,14
1,18,17,1,0,0,0,6,5,4,12,12,10,20,19,0,8,5,8,18,120,15
1,18,17,1,0,0,0,6,5,4,12,12,10,20,19,0,8,5,8,18,203,16
1,18,17,1,0,0,0,6,5,4,12,12,10,20,19,0,8,5,8,18,297,17
1,18,17,1,0,0,0,6,5,4,12,12,10,20,19,0,8,5,8,18,280,18
1,18,17,1,0,0,0,6,5,4,12,12,10,20,19,0,8,5,8,18,187,19
1,18,17,1,0,0,0,6,5,4,12,12,10,20,19,0,8,5,8,18,229,20
1,18,17,1,0,0,0,6,5,4,12,12,10,20,19,0,8,5,8,18,326,21
1,18,17,1,0,0,0,6,5,4,12,12,10,20,19,0,8,5,8,18,203,22
1,18,17,1,0,0,0,6,5,4,12,12,10,20,19,0,8,5,8,18,0,23
2,8,8,11,0,0,0,13,15,13,12,12,10,2,1,5,17,13,3,11,239,0
2,8,8,11,0,0,0,13,15,13,12,12,10,2,1,5,17,13,3,11,276,1
2,8,8,11,0,0,0,13,15,13,12,12,10,2,1,5,17,13,3,11,126,2
2,8,8,11,0,0,0,13,15,13,12,12,10,2,1,5,17,13,3,11,321,3
2,8,8,11,0,0,0,13,15,13,12,12,10,2,1,5,17,13,3,11,221,4
2,8,8,11,0,0,0,13,15,13,12,12,10,2,1,5,17,13,3,11,263,5
2,8,8,11,0,0,0,13,15,13,12,12,10,2,1,5,17,13,3,11,239,6
2,8,8,11,0,0,0,13,15,13,12,12,10,2,1,5,17,13,3,11,215,7
2,8,8,11,0,0,0,13,15,13,12,12,10,2,1,5,17,13,3,11,422,8
2,8,8,11,0,0,0,13,15,13,12,12,10,2,1,5,17,13,3,11,284,9
2,8,8,11,0,0,0,13,15,13,12,12,10,2,1,5,17,13,3,11,232,10
2,8,8,11,0,0,0,13,15,13,12,12,10,2,1,5,17,13,3,11,409,11
2,8,8,11,0,0,0,13,15,13,12,12,10,2,1,5,17,13,3,11,137,12
2,8,8,11,0,0,0,13,15,13,12,12,10,2,1,5,17,13,3,11,183,13
2,8,8,11,0,0,0,13,15,13,12,12,10,2,1,5,17,13,3,11,325,14
2,8,8,11,0,0,0,13,15,13,12,12,10,2,1,5,17,13,3,11,239,15
2,8,8,11,0,0,0,13,15,13,12,12,10,2,1,5,17,13,3,11,317,16
2,8,8,11,0,0,0,13,15,13,12,12,10,2,1,5,17,13,3,11,308,17
2,8,8,11,0,0,0,13,15,13,12,12,10,2,1,5,17,13,3,11,305,18
2,8,8,11,0,0,0,13,15,13,12,12,10,2,1,5,17,13,3,11,10,19
2,8,8,11,0,0,0,13,15,13,12,12,10,2,1,5,17,13,3,11,196,20
2,8,8,11,0,0,0,13,15,13,12,12,10,2,1,5,17,13,3,11,301,21
2,8,8,11,0,0,0,13,15,13,12,12,10,2,1,5,17,13,3,11,239,22
2,8,8,11,0,0,0,13,15,13,12,12,10,2,1,5,17,13,3,11,0,23
3,15,16,9,0,0,0,1,13,2,12,12,10,8,3,1,16,2,21,21,250,0
3,15,16,9,0,0,0,1,13,2,12,12,10,8,3,1,16,2,21,21,38,1
3,15,16,9,0,0,0,1,13,2,12,12,10,8,3,1,16,2,21,21,114,2
3,15,16,9,0,0,0,1,13,2,12,12,10,8,3,1,16,2,21,21,296,3
3,15,16,9,0,0,0,1,13,2,12,12,10,8,3,1,16,2,21,21,0,4
3,15,16,9,0,0,0,1,13,2,12,12,10,8,3,1,16,2,21,21,21,5
3,15,16,9,0,0,0,1,13,2,12,12,10,8,3,1,16,2,21,21,425,6
3,15,16,9,0,0,0,1,13,2,12,12,10,8,3,1,16,2,21,21,130,7
3,15,16,9,0,0,0,1,13,2,12,12,10,8,3,1,16,2,21,21,425,8
3,15,16,9,0,0,0,1,13,2,12,12,10,8,3,1,16,2,21,21,242,9
3,15,16,9,0,0,0,1,13,2,12,12,10,8,3,1,16,2,21,21,107,10
3,15,16,9,0,0,0,1,13,2,12,12,10,8,3,1,16,2,21,21,235,11
3,15,16,9,0,0,0,1,13,2,12,12,10,8,3,1,16,2,21,21,130,12
3,15,16,9,0,0,0,1,13,2,12,12,10,8,3,1,16,2,21,21,169,13
3,15,16,9,0,0,0,1,13,2,12,12,10,8,3,1,16,2,21,21,309,14
3,15,16,9,0,0,0,1,13,2,12,12,10,8,3,1,16,2,21,21,82,15
3,15,16,9,0,0,0,1,13,2,12,12,10,8,3,1,16,2,21,21,21,16
3,15,16,9,0,0,0,1,13,2,12,12,10,8,3,1,16,2,21,21,169,17
3,15,16,9,0,0,0,1,13,2,12,12,10,8,3,1,16,2,21,21,94,18
3,15,16,9,0,0,0,1,13,2,12,12,10,8,3,1,16,2,21,21,143,19
3,15,16,9,0,0,0,1,13,2,12,12,10,8,3,1,16,2,21,21,69,20
3,15,16,9,0,0,0,1,13,2,12,12,10,8,3,1,16,2,21,21,322,21
3,15,16,9,0,0,0,1,13,2,12,12,10,8,3,1,16,2,21,21,124,22
3,15,16,9,0,0,0,1,13,2,12,12,10,8,3,1,16,2,21,21,152,23
4,19,18,7,6,0,0,12,11,21,9,0,0,1,8,18,20,21,4,2,384,0
4,19,18,7,6,0,0,12,11,21,9,0,0,1,8,18,20,21,4,2,391,1
4,19,18,7,6,0,0,12,11,21,9,0,0,1,8,18,20,21,4,2,426,2
4,19,18,7,6,0,0,12,11,21,9,0,0,1,8,18,20,21,4,2,402,3
4,19,18,7,6,0,0,12,11,21,9,0,0,1,8,18,20,21,4,2,342,4
4,19,18,7,6,0,0,12,11,21,9,0,0,1,8,18,20,21,4,2,349,5
4,19,18,7,6,0,0,12,11,21,9,0,0,1,8,18,20,21,4,2,426,6
4,19,18,7,6,0,0,12,11,21,9,0,0,1,8,18,20,21,4,2,389,7
4,19,18,7,6,0,0,12,11,21,9,0,0,1,8,18,20,21,4,2,426,8
4,19,18,7,6,0,0,12,11,21,9,0,0,1,8,18,20,21,4,2,354,9
4,19,18,7,6,0,0,12,11,21,9,0,0,1,8,18,20,21,4,2,336,10
4,19,18,7,6,0,0,12,11,21,9,0,0,1,8,18,20,21,4,2,421,11
4,19,18,7,6,0,0,12,11,21,9,0,0,1,8,18,20,21,4,2,103,12
4,19,18,7,6,0,0,12,11,21,9,0,0,1,8,18,20,21,4,2,228,13
4,19,18,7,6,0,0,12,11,21,9,0,0,1,8,18,20,21,4,2,419,14
4,19,18,7,6,0,0,12,11,21,9,0,0,1,8,18,20,21,4,2,345,15
4,19,18,7,6,0,0,12,11,21,9,0,0,1,8,18,20,21,4,2,294,16
4,19,18,7,6,0,0,12,11,21,9,0,0,1,8,18,20,21,4,2,347,17
4,19,18,7,6,0,0,12,11,21,9,0,0,1,8,18,20,21,4,2,285,18
4,19,18,7,6,0,0,12,11,21,9,0,0,1,8,18,20,21,4,2,314,19
4,19,18,7,6,0,0,12,11,21,9,0,0,1,8,18,20,21,4,2,351,20
4,19,18,7,6,0,0,12,11,21,9,0,0,1,8,18,20,21,4,2,0,21
4,19,18,7,6,0,0,12,11,21,9,0,0,1,8,18,20,21,4,2,310,22
4,19,18,7,6,0,0,12,11,21,9,0,0,1,8,18,20,21,4,2,307,23
5,13,14,7,0,4,0,0,1,7,12,12,10,13,9,10,5,18,0,1,195,0
5,13,14,7,0,4,0,0,1,7,12,12,10,13,9,10,5,18,0,1,273,1
5,13,14,7,0,4,0,0,1,7,12,12,10,13,9,10,5,18,0,1,199,2
5,13,14,7,0,4,0,0,1,7,12,12,10,13,9,10,5,18,0,1,254,3
5,13,14,7,0,4,0,0,1,7,12,12,10,13,9,10,5,18,0,1,179,4
5,13,14,7,0,4,0,0,1,7,12,12,10,13,9,10,5,18,0,1,0,5
5,13,14,7,0,4,0,0,1,7,12,12,10,13,9,10,5,18,0,1,195,6
5,13,14,7,0,4,0,0,1,7,12,12,10,13,9,10,5,18,0,1,16,7
5,13,14,7,0,4,0,0,1,7,12,12,10,13,9,10,5,18,0,1,257,8
5,13,14,7,0,4,0,0,1,7,12,12,10,13,9,10,5,18,0,1,166,9
5,13,14,7,0,4,0,0,1,7,12,12,10,13,9,10,5,18,0,1,205,10
5,13,14,7,0,4,0,0,1,7,12,12,10,13,9,10,5,18,0,1,388,11
5,13,14,7,0,4,0,0,1,7,12,12,10,13,9,10,5,18,0,1,190,12
5,13,14,7,0,4,0,0,1,7,12,12,10,13,9,10,5,18,0,1,195,13
5,13,14,7,0,4,0,0,1,7,12,12,10,13,9,10,5,18,0,1,269,14
5,13,14,7,0,4,0,0,1,7,12,12,10,13,9,10,5,18,0,1,0,15
5,13,14,7,0,4,0,0,1,7,12,12,10,13,9,10,5,18,0,1,304,16
5,13,14,7,0,4,0,0,1,7,12,12,10,13,9,10,5,18,0,1,298,17
5,13,14,7,0,4,0,0,1,7,12,12,10,13,9,10,5,18,0,1,266,18
5,13,14,7,0,4,0,0,1,7,12,12,10,13,9,10,5,18,0,1,199,19
5,13,14,7,0,4,0,0,1,7,12,12,10,13,9,10,5,18,0,1,195,20
5,13,14,7,0,4,0,0,1,7,12,12,10,13,9,10,5,18,0,1,227,21
5,13,14,7,0,4,0,0,1,7,12,12,10,13,9,10,5,18,0,1,195,22
5,13,14,7,0,4,0,0,1,7,12,12,10,13,9,10,5,18,0,1,138,23
6,7,10,17,1,0,0,15,0,11,5,7,9,17,18,12,1,1,20,16,208,0
6,7,10,17,1,0,0,15,0,11,5,7,9,17,18,12,1,1,20,16,79,1
6,7,10,17,1,0,0,15,0,11,5,7,9,17,18,12,1,1,20,16,176,2
6,7,10,17,1,0,0,15,0,11,5,7,9,17,18,12,1,1,20,16,123,3
6,7,10,17,1,0,0,15,0,11,5,7,9,17,18,12,1,1,20,16,192,4
6,7,10,17,1,0,0,15,0,11,5,7,9,17,18,12,1,1,20,16,149,5
6,7,10,17,1,0,0,15,0,11,5,7,9,17,18,12,1,1,20,16,170,6
6,7,10,17,1,0,0,15,0,11,5,7,9,17,18,12,1,1,20,16,264,7
6,7,10,17,1,0,0,15,0,11,5,7,9,17,18,12,1,1,20,16,410,8
6,7,10,17,1,0,0,15,0,11,5,7,9,17,18,12,1,1,20,16,134,9
6,7,10,17,1,0,0,15,0,11,5,7,9,17,18,12,1,1,20,16,192,10
6,7,10,17,1,0,0,15,0,11,5,7,9,17,18,12,1,1,20,16,383,11
6,7,10,17,1,0,0,15,0,11,5,7,9,17,18,12,1,1,20,16,32,12
6,7,10,17,1,0,0,15,0,11,5,7,9,17,18,12,1,1,20,16,86,13
6,7,10,17,1,0,0,15,0,11,5,7,9,17,18,12,1,1,20,16,267,14
6,7,10,17,1,0,0,15,0,11,5,7,9,17,18,12,1,1,20,16,139,15
6,7,10,17,1,0,0,15,0,11,5,7,9,17,18,12,1,1,20,16,292,16
6,7,10,17,1,0,0,15,0,11,5,7,9,17,18,12,1,1,20,16,365,17
6,7,10,17,1,0,0,15,0,11,5,7,9,17,18,12,1,1,20,16,410,18
6,7,10,17,1,0,0,15,0,11,5,7,9,17,18,12,1,1,20,16,99,19
6,7,10,17,1,0,0,15,0,11,5,7,9,17,18,12,1,1,20,16,208,20
6,7,10,17,1,0,0,15,0,11,5,7,9,17,18,12,1,1,20,16,86,21
6,7,10,17,1,0,0,15,0,11,5,7,9,17,18,12,1,1,20,16,0,22
6,7,10,17,1,0,0,15,0,11,5,7,9,17,18,12,1,1,20,16,275,23
7,3,3,2,0,0,0,3,10,3,12,12,10,11,13,4,15,7,11,17,101,0
7,3,3,2,0,0,0,3,10,3,12,12,10,11,13,4,15,7,11,17,129,1
7,3,3,2,0,0,0,3,10,3,12,12,10,11,13,4,15,7,11,17,46,2
7,3,3,2,0,0,0,3,10,3,12,12,10,11,13,4,15,7,11,17,73,3
7,3,3,2,0,0,0,3,10,3,12,12,10,11,13,4,15,7,11,17,89,4
7,3,3,2,0,0,0,3,10,3,12,12,10,11,13,4,15,7,11,17,87,5
7,3,3,2,0,0,0,3,10,3,12,12,10,11,13,4,15,7,11,17,63,6
7,3,3,2,0,0,0,3,10,3,12,12,10,11,13,4,15,7,11,17,52,7
7,3,3,2,0,0,0,3,10,3,12,12,10,11,13,4,15,7,11,17,364,8
7,3,3,2,0,0,0,3,10,3,12,12,10,11,13,4,15,7,11,17,67,9
7,3,3,2,0,0,0,3,10,3,12,12,10,11,13,4,15,7,11,17,117,10
7,3,3,2,0,0,0,3,10,3,12,12,10,11,13,4,15,7,11,17,181,11
7,3,3,2,0,0,0,3,10,3,12,12,10,11,13,4,15,7,11,17,1,12
7,3,3,2,0,0,0,3,10,3,12,12,10,11,13,4,15,7,11,17,4,13
7,3,3,2,0,0,0,3,10,3,12,12,10,11,13,4,15,7,11,17,39,14
7,3,3,2,0,0,0,3,10,3,12,12,10,11,13,4,15,7,11,17,89,15
7,3,3,2,0,0,0,3,10,3,12,12,10,11,13,4,15,7,11,17,156,16
7,3,3,2,0,0,0,3,10,3,12,12,10,11,13,4,15,7,11,17,93,17
7,3,3,2,0,0,0,3,10,3,12,12,10,11,13,4,15,7,11,17,90,18
7,3,3,2,0,0,0,3,10,3,12,12,10,11,13,4,15,7,11,17,0,19
7,3,3,2,0,0,0,3,10,3,12,12,10,11,13,4,15,7,11,17,117,20
7,3,3,2,0,0,0,3,10,3,12,12,10,11,13,4,15,7,11,17,73,21
7,3,3,2,0,0,0,3,10,3,12,12,10,11,13,4,15,7,11,17,34,22
7,3,3,2,0,0,0,3,10,3,12,12,10,11,13,4,15,7,11,17,13,23
8,16,15,7,5,0,0,16,12,15,7,3,3,7,11,17,21,16,9,9,357,0
8,16,15,7,5,0,0,16,12,15,7,3,3,7,11,17,21,16,9,9,193,1
8,16,15,7,5,0,0,16,12,15,7,3,3,7,11,17,21,16,9,9,259,2
8,16,15,7,5,0,0,16,12,15,7,3,3,7,11,17,21,16,9,9,390,3
8,16,15,7,5,0,0,16,12,15,7,3,3,7,11,17,21,16,9,9,344,4
8,16,15,7,5,0,0,16,12,15,7,3,3,7,11,17,21,16,9,9,346,5
8,16,15,7,5,0,0,16,12,15,7,3,3,7,11,17,21,16,9,9,363,6
8,16,15,7,5,0,0,16,12,15,7,3,3,7,11,17,21,16,9,9,385,7
8,16,15,7,5,0,0,16,12,15,7,3,3,7,11,17,21,16,9,9,173,8
8,16,15,7,5,0,0,16,12,15,7,3,3,7,11,17,21,16,9,9,372,9
8,16,15,7,5,0,0,16,12,15,7,3,3,7,11,17,21,16,9,9,340,10
8,16,15,7,5,0,0,16,12,15,7,3,3,7,11,17,21,16,9,9,420,11
8,16,15,7,5,0,0,16,12,15,7,3,3,7,11,17,21,16,9,9,224,12
8,16,15,7,5,0,0,16,12,15,7,3,3,7,11,17,21,16,9,9,331,13
8,16,15,7,5,0,0,16,12,15,7,3,3,7,11,17,21,16,9,9,387,14
8,16,15,7,5,0,0,16,12,15,7,3,3,7,11,17,21,16,9,9,355,15
8,16,15,7,5,0,0,16,12,15,7,3,3,7,11,17,21,16,9,9,0,16
8,16,15,7,5,0,0,16,12,15,7,3,3,7,11,17,21,16,9,9,236,17
8,16,15,7,5,0,0,16,12,15,7,3,3,7,11,17,21,16,9,9,153,18
8,16,15,7,5,0,0,16,12,15,7,3,3,7,11,17,21,16,9,9,278,19
8,16,15,7,5,0,0,16,12,15,7,3,3,7,11,17,21,16,9,9,348,20
8,16,15,7,5,0,0,16,12,15,7,3,3,7,11,17,21,16,9,9,88,21
8,16,15,7,5,0,0,16,12,15,7,3,3,7,11,17,21,16,9,9,265,22
8,16,15,7,5,0,0,16,12,15,7,3,3,7,11,17,21,16,9,9,320,23
9,1,1,14,1,6,0,9,20,12,1,10,9,15,0,13,2,3,18,14,0,0
9,1,1,14,1,6,0,9,20,12,1,10,9,15,0,13,2,3,18,14,210,1
9,1,1,14,1,6,0,9,20,12,1,10,9,15,0,13,2,3,18,14,97,2
9,1,1,14,1,6,0,9,20,12,1,10,9,15,0,13,2,3,18,14,154,3
9,1,1,14,1,6,0,9,20,12,1,10,9,15,0,13,2,3,18,14,160,4
9,1,1,14,1,6,0,9,20,12,1,10,9,15,0,13,2,3,18,14,178,5
9,1,1,14,1,6,0,9,20,12,1,10,9,15,0,13,2,3,18,14,188,6
9,1,1,14,1,6,0,9,20,12,1,10,9,15,0,13,2,3,18,14,171,7
9,1,1,14,1,6,0,9,20,12,1,10,9,15,0,13,2,3,18,14,367,8
9,1,1,14,1,6,0,9,20,12,1,10,9,15,0,13,2,3,18,14,188,9
9,1,1,14,1,6,0,9,20,12,1,10,9,15,0,13,2,3,18,14,226,10
9,1,1,14,1,6,0,9,20,12,1,10,9,15,0,13,2,3,18,14,327,11
9,1,1,14,1,6,0,9,20,12,1,10,9,15,0,13,2,3,18,14,25,12
9,1,1,14,1,6,0,9,20,12,1,10,9,15,0,13,2,3,18,14,56,13
9,1,1,14,1,6,0,9,20,12,1,10,9,15,0,13,2,3,18,14,201,14
9,1,1,14,1,6,0,9,20,12,1,10,9,15,0,13,2,3,18,14,206,15
9,1,1,14,1,6,0,9,20,12,1,10,9,15,0,13,2,3,18,14,237,16
9,1,1,14,1,6,0,9,20,12,1,10,9,15,0,13,2,3,18,14,283,17
9,1,1,14,1,6,0,9,20,12,1,10,9,15,0,13,2,3,18,14,271,18
9,1,1,14,1,6,0,9,20,12,1,10,9,15,0,13,2,3,18,14,84,19
9,1,1,14,1,6,0,9,20,12,1,10,9,15,0,13,2,3,18,14,177,20
9,1,1,14,1,6,0,9,20,12,1,10,9,15,0,13,2,3,18,14,168,21
9,1,1,14,1,6,0,9,20,12,1,10,9,15,0,13,2,3,18,14,189,22
9,1,1,14,1,6,0,9,20,12,1,10,9,15,0,13,2,3,18,14,210,23
10,6,6,10,0,5,1,2,2,0,12,12,10,14,15,3,3,0,19,19,212,0
10,6,6,10,0,5,1,2,2,0,12,12,10,14,15,3,3,0,19,19,41,1
10,6,6,10,0,5,1,2,2,0,12,12,10,14,15,3,3,0,19,19,165,2
10,6,6,10,0,5,1,2,2,0,12,12,10,14,15,3,3,0,19,19,128,3
10,6,6,10,0,5,1,2,2,0,12,12,10,14,15,3,3,0,19,19,167,4
10,6,6,10,0,5,1,2,2,0,12,12,10,14,15,3,3,0,19,19,249,5
10,6,6,10,0,5,1,2,2,0,12,12,10,14,15,3,3,0,19,19,68,6
10,6,6,10,0,5,1,2,2,0,12,12,10,14,15,3,3,0,19,19,61,7
10,6,6,10,0,5,1,2,2,0,12,12,10,14,15,3,3,0,19,19,434,8
10,6,6,10,0,5,1,2,2,0,12,12,10,14,15,3,3,0,19,19,40,9
10,6,6,10,0,5,1,2,2,0,12,12,10,14,15,3,3,0,19,19,200,10
10,6,6,10,0,5,1,2,2,0,12,12,10,14,15,3,3,0,19,19,127,11
10,6,6,10,0,5,1,2,2,0,12,12,10,14,15,3,3,0,19,19,58,12
10,6,6,10,0,5,1,2,2,0,12,12,10,14,15,3,3,0,19,19,0,13
10,6,6,10,0,5,1,2,2,0,12,12,10,14,15,3,3,0,19,19,214,14
10,6,6,10,0,5,1,2,2,0,12,12,10,14,15,3,3,0,19,19,162,15
10,6,6,10,0,5,1,2,2,0,12,12,10,14,15,3,3,0,19,19,125,16
10,6,6,10,0,5,1,2,2,0,12,12,10,14,15,3,3,0,19,19,288,17
10,6,6,10,0,5,1,2,2,0,12,12,10,14,15,3,3,0,19,19,245,18
10,6,6,10,0,5,1,2,2,0,12,12,10,14,15,3,3,0,19,19,3,19
10,6,6,10,0,5,1,2,2,0,12,12,10,14,15,3,3,0,19,19,233,20
10,6,6,10,0,5,1,2,2,0,12,12,10,14,15,3,3,0,19,19,72,21
10,6,6,10,0,5,1,2,2,0,12,12,10,14,15,3,3,0,19,19,247,22
10,6,6,10,0,5,1,2,2,0,12,12,10,14,15,3,3,0,19,19,59,23
11,5,5,0,1,1,1,7,7,5,0,11,9,10,10,11,6,10,10,7,328,0
11,5,5,0,1,1,1,7,7,5,0,11,9,10,10,11,6,10,10,7,209,1
11,5,5,0,1,1,1,7,7,5,0,11,9,10,10,11,6,10,10,7,75,2
11,5,5,0,1,1,1,7,7,5,0,11,9,10,10,11,6,10,10,7,118,3
11,5,5,0,1,1,1,7,7,5,0,11,9,10,10,11,6,10,10,7,100,4
11,5,5,0,1,1,1,7,7,5,0,11,9,10,10,11,6,10,10,7,353,5
11,5,5,0,1,1,1,7,7,5,0,11,9,10,10,11,6,10,10,7,50,6
11,5,5,0,1,1,1,7,7,5,0,11,9,10,10,11,6,10,10,7,225,7
11,5,5,0,1,1,1,7,7,5,0,11,9,10,10,11,6,10,10,7,30,8
11,5,5,0,1,1,1,7,7,5,0,11,9,10,10,11,6,10,10,7,64,9
11,5,5,0,1,1,1,7,7,5,0,11,9,10,10,11,6,10,10,7,323,10
11,5,5,0,1,1,1,7,7,5,0,11,9,10,10,11,6,10,10,7,289,11
11,5,5,0,1,1,1,7,7,5,0,11,9,10,10,11,6,10,10,7,155,12
11,5,5,0,1,1,1,7,7,5,0,11,9,10,10,11,6,10,10,7,37,13
11,5,5,0,1,1,1,7,7,5,0,11,9,10,10,11,6,10,10,7,256,14
11,5,5,0,1,1,1,7,7,5,0,11,9,10,10,11,6,10,10,7,140,15
11,5,5,0,1,1,1,7,7,5,0,11,9,10,10,11,6,10,10,7,240,16
11,5,5,0,1,1,1,7,7,5,0,11,9,10,10,11,6,10,10,7,375,17
11,5,5,0,1,1,1,7,7,5,0,11,9,10,10,11,6,10,10,7,302,18
11,5,5,0,1,1,1,7,7,5,0,11,9,10,10,11,6,10,10,7,0,19
11,5,5,0,1,1,1,7,7,5,0,11,9,10,10,11,6,10,10,7,324,20
11,5,5,0,1,1,1,7,7,5,0,11,9,10,10,11,6,10,10,7,43,21
11,5,5,0,1,1,1,7,7,5,0,11,9,10,10,11,6,10,10,7,335,22
11,5,5,0,1,1,1,7,7,5,0,11,9,10,10,11,6,10,10,7,81,23
12,0,0,5,0,3,1,4,8,6,12,12,10,9,5,7,4,6,15,12,133,0
12,0,0,5,0,3,1,4,8,6,12,12,10,9,5,7,4,6,15,12,12,1
12,0,0,5,0,3,1,4,8,6,12,12,10,9,5,7,4,6,15,12,83,2
12,0,0,5,0,3,1,4,8,6,12,12,10,9,5,7,4,6,15,12,0,3
12,0,0,5,0,3,1,4,8,6,12,12,10,9,5,7,4,6,15,12,65,4
12,0,0,5,0,3,1,4,8,6,12,12,10,9,5,7,4,6,15,12,146,5
12,0,0,5,0,3,1,4,8,6,12,12,10,9,5,7,4,6,15,12,29,6
12,0,0,5,0,3,1,4,8,6,12,12,10,9,5,7,4,6,15,12,23,7
12,0,0,5,0,3,1,4,8,6,12,12,10,9,5,7,4,6,15,12,35,8
12,0,0,5,0,3,1,4,8,6,12,12,10,9,5,7,4,6,15,12,22,9
12,0,0,5,0,3,1,4,8,6,12,12,10,9,5,7,4,6,15,12,142,10
12,0,0,5,0,3,1,4,8,6,12,12,10,9,5,7,4,6,15,12,77,11
12,0,0,5,0,3,1,4,8,6,12,12,10,9,5,7,4,6,15,12,57,12
12,0,0,5,0,3,1,4,8,6,12,12,10,9,5,7,4,6,15,12,6,13
12,0,0,5,0,3,1,4,8,6,12,12,10,9,5,7,4,6,15,12,60,14
12,0,0,5,0,3,1,4,8,6,12,12,10,9,5,7,4,6,15,12,106,15
12,0,0,5,0,3,1,4,8,6,12,12,10,9,5,7,4,6,15,12,42,16
12,0,0,5,0,3,1,4,8,6,12,12,10,9,5,7,4,6,15,12,121,17
12,0,0,5,0,3,1,4,8,6,12,12,10,9,5,7,4,6,15,12,91,18
12,0,0,5,0,3,1,4,8,6,12,12,10,9,5,7,4,6,15,12,9,19
12,0,0,5,0,3,1,4,8,6,12,12,10,9,5,7,4,6,15,12,159,20
12,0,0,5,0,3,1,4,8,6,12,12,10,9,5,7,4,6,15,12,15,21
12,0,0,5,0,3,1,4,8,6,12,12,10,9,5,7,4,6,15,12,146,22
12,0,0,5,0,3,1,4,8,6,12,12,10,9,5,7,4,6,15,12,42,23
13,16,15,13,5,0,0,19,4,17,8,2,2,0,2,17,19,11,16,15,396,0
13,16,15,13,5,0,0,19,4,17,8,2,2,0,2,17,19,11,16,15,78,1
13,16,15,13,5,0,0,19,4,17,8,2,2,0,2,17,19,11,16,15,291,2
13,16,15,13,5,0,0,19,4,17,8,2,2,0,2,17,19,11,16,15,405,3
13,16,15,13,5,0,0,19,4,17,8,2,2,0,2,17,19,11,16,15,394,4
13,16,15,13,5,0,0,19,4,17,8,2,2,0,2,17,19,11,16,15,399,5
13,16,15,13,5,0,0,19,4,17,8,2,2,0,2,17,19,11,16,15,430,6
13,16,15,13,5,0,0,19,4,17,8,2,2,0,2,17,19,11,16,15,412,7
13,16,15,13,5,0,0,19,4,17,8,2,2,0,2,17,19,11,16,15,338,8
13,16,15,13,5,0,0,19,4,17,8,2,2,0,2,17,19,11,16,15,386,9
13,16,15,13,5,0,0,19,4,17,8,2,2,0,2,17,19,11,16,15,399,10
13,16,15,13,5,0,0,19,4,17,8,2,2,0,2,17,19,11,16,15,429,11
13,16,15,13,5,0,0,19,4,17,8,2,2,0,2,17,19,11,16,15,241,12
13,16,15,13,5,0,0,19,4,17,8,2,2,0,2,17,19,11,16,15,338,13
13,16,15,13,5,0,0,19,4,17,8,2,2,0,2,17,19,11,16,15,403,14
13,16,15,13,5,0,0,19,4,17,8,2,2,0,2,17,19,11,16,15,397,15
13,16,15,13,5,0,0,19,4,17,8,2,2,0,2,17,19,11,16,15,0,16
13,16,15,13,5,0,0,19,4,17,8,2,2,0,2,17,19,11,16,15,430,17
13,16,15,13,5,0,0,19,4,17,8,2,2,0,2,17,19,11,16,15,110,18
13,16,15,13,5,0,0,19,4,17,8,2,2,0,2,17,19,11,16,15,300,19
13,16,15,13,5,0,0,19,4,17,8,2,2,0,2,17,19,11,16,15,393,20
13,16,15,13,5,0,0,19,4,17,8,2,2,0,2,17,19,11,16,15,96,21
13,16,15,13,5,0,0,19,4,17,8,2,2,0,2,17,19,11,16,15,313,22
13,16,15,13,5,0,0,19,4,17,8,2,2,0,2,17,19,11,16,15,319,23
14,14,17,7,7,0,0,18,14,14,6,1,1,3,4,19,10,17,13,5,368,0
14,14,17,7,7,0,0,18,14,14,6,1,1,3,4,19,10,17,13,5,0,1
14,14,17,7,7,0,0,18,14,14,6,1,1,3,4,19,10,17,13,5,382,2
14,14,17,7,7,0,0,18,14,14,6,1,1,3,4,19,10,17,13,5,404,3
14,14,17,7,7,0,0,18,14,14,6,1,1,3,4,19,10,17,13,5,274,4
14,14,17,7,7,0,0,18,14,14,6,1,1,3,4,19,10,17,13,5,290,5
14,14,17,7,7,0,0,18,14,14,6,1,1,3,4,19,10,17,13,5,416,6
14,14,17,7,7,0,0,18,14,14,6,1,1,3,4,19,10,17,13,5,371,7
14,14,17,7,7,0,0,18,14,14,6,1,1,3,4,19,10,17,13,5,416,8
14,14,17,7,7,0,0,18,14,14,6,1,1,3,4,19,10,17,13,5,368,9
14,14,17,7,7,0,0,18,14,14,6,1,1,3,4,19,10,17,13,5,258,10
14,14,17,7,7,0,0,18,14,14,6,1,1,3,4,19,10,17,13,5,415,11
14,14,17,7,7,0,0,18,14,14,6,1,1,3,4,19,10,17,13,5,333,12
14,14,17,7,7,0,0,18,14,14,6,1,1,3,4,19,10,17,13,5,379,13
14,14,17,7,7,0,0,18,14,14,6,1,1,3,4,19,10,17,13,5,407,14
14,14,17,7,7,0,0,18,14,14,6,1,1,3,4,19,10,17,13,5,287,15
14,14,17,7,7,0,0,18,14,14,6,1,1,3,4,19,10,17,13,5,49,16
14,14,17,7,7,0,0,18,14,14,6,1,1,3,4,19,10,17,13,5,370,17
14,14,17,7,7,0,0,18,14,14,6,1,1,3,4,19,10,17,13,5,115,18
14,14,17,7,7,0,0,18,14,14,6,1,1,3,4,19,10,17,13,5,361,19
14,14,17,7,7,0,0,18,14,14,6,1,1,3,4,19,10,17,13,5,282,20
14,14,17,7,7,0,0,18,14,14,6,1,1,3,4,19,10,17,13,5,251,21
14,14,17,7,7,0,0,18,14,14,6,1,1,3,4,19,10,17,13,5,358,22
14,14,17,7,7,0,0,18,14,14,6,1,1,3,4,19,10,17,13,5,377,23
15,6,9,16,0,0,0,5,6,1,12,12,10,12,14,2,12,4,14,20,47,0
15,6,9,16,0,0,0,5,6,1,12,12,10,12,14,2,12,4,14,20,185,1
15,6,9,16,0,0,0,5,6,1,12,12,10,12,14,2,12,4,14,20,71,2
15,6,9,16,0,0,0,5,6,1,12,12,10,12,14,2,12,4,14,20,303,3
15,6,9,16,0,0,0,5,6,1,12,12,10,12,14,2,12,4,14,20,7,4
15,6,9,16,0,0,0,5,6,1,12,12,10,12,14,2,12,4,14,20,36,5
15,6,9,16,0,0,0,5,6,1,12,12,10,12,14,2,12,4,14,20,71,6
15,6,9,16,0,0,0,5,6,1,12,12,10,12,14,2,12,4,14,20,104,7
15,6,9,16,0,0,0,5,6,1,12,12,10,12,14,2,12,4,14,20,418,8
15,6,9,16,0,0,0,5,6,1,12,12,10,12,14,2,12,4,14,20,253,9
15,6,9,16,0,0,0,5,6,1,12,12,10,12,14,2,12,4,14,20,95,10
15,6,9,16,0,0,0,5,6,1,12,12,10,12,14,2,12,4,14,20,272,11
15,6,9,16,0,0,0,5,6,1,12,12,10,12,14,2,12,4,14,20,104,12
15,6,9,16,0,0,0,5,6,1,12,12,10,12,14,2,12,4,14,20,172,13
15,6,9,16,0,0,0,5,6,1,12,12,10,12,14,2,12,4,14,20,286,14
15,6,9,16,0,0,0,5,6,1,12,12,10,12,14,2,12,4,14,20,7,15
15,6,9,16,0,0,0,5,6,1,12,12,10,12,14,2,12,4,14,20,220,16
15,6,9,16,0,0,0,5,6,1,12,12,10,12,14,2,12,4,14,20,293,17
15,6,9,16,0,0,0,5,6,1,12,12,10,12,14,2,12,4,14,20,255,18
15,6,9,16,0,0,0,5,6,1,12,12,10,12,14,2,12,4,14,20,112,19
15,6,9,16,0,0,0,5,6,1,12,12,10,12,14,2,12,4,14,20,27,20
15,6,9,16,0,0,0,5,6,1,12,12,10,12,14,2,12,4,14,20,150,21
15,6,9,16,0,0,0,5,6,1,12,12,10,12,14,2,12,4,14,20,150,22
15,6,9,16,0,0,0,5,6,1,12,12,10,12,14,2,12,4,14,20,0,23
16,10,12,12,3,0,0,11,19,18,10,5,5,5,6,15,18,20,1,4,198,0
16,10,12,12,3,0,0,11,19,18,10,5,5,5,6,15,18,20,1,4,144,1
16,10,12,12,3,0,0,11,19,18,10,5,5,5,6,15,18,20,1,4,161,2
16,10,12,12,3,0,0,11,19,18,10,5,5,5,6,15,18,20,1,4,330,3
16,10,12,12,3,0,0,11,19,18,10,5,5,5,6,15,18,20,1,4,175,4
16,10,12,12,3,0,0,11,19,18,10,5,5,5,6,15,18,20,1,4,182,5
16,10,12,12,3,0,0,11,19,18,10,5,5,5,6,15,18,20,1,4,157,6
16,10,12,12,3,0,0,11,19,18,10,5,5,5,6,15,18,20,1,4,184,7
16,10,12,12,3,0,0,11,19,18,10,5,5,5,6,15,18,20,1,4,216,8
16,10,12,12,3,0,0,11,19,18,10,5,5,5,6,15,18,20,1,4,261,9
16,10,12,12,3,0,0,11,19,18,10,5,5,5,6,15,18,20,1,4,182,10
16,10,12,12,3,0,0,11,19,18,10,5,5,5,6,15,18,20,1,4,398,11
16,10,12,12,3,0,0,11,19,18,10,5,5,5,6,15,18,20,1,4,74,12
16,10,12,12,3,0,0,11,19,18,10,5,5,5,6,15,18,20,1,4,230,13
16,10,12,12,3,0,0,11,19,18,10,5,5,5,6,15,18,20,1,4,406,14
16,10,12,12,3,0,0,11,19,18,10,5,5,5,6,15,18,20,1,4,157,15
16,10,12,12,3,0,0,11,19,18,10,5,5,5,6,15,18,20,1,4,0,16
16,10,12,12,3,0,0,11,19,18,10,5,5,5,6,15,18,20,1,4,244,17
16,10,12,12,3,0,0,11,19,18,10,5,5,5,6,15,18,20,1,4,48,18
16,10,12,12,3,0,0,11,19,18,10,5,5,5,6,15,18,20,1,4,216,19
16,10,12,12,3,0,0,11,19,18,10,5,5,5,6,15,18,20,1,4,182,20
16,10,12,12,3,0,0,11,19,18,10,5,5,5,6,15,18,20,1,4,191,21
16,10,12,12,3,0,0,11,19,18,10,5,5,5,6,15,18,20,1,4,111,22
16,10,12,12,3,0,0,11,19,18,10,5,5,5,6,15,18,20,1,4,204,23
17,11,7,4,4,0,0,21,9,20,11,4,4,18,17,16,9,19,6,3,8,0
17,11,7,4,4,0,0,21,9,20,11,4,4,18,17,16,9,19,6,3,0,1
17,11,7,4,4,0,0,21,9,20,11,4,4,18,17,16,9,19,6,3,158,2
17,11,7,4,4,0,0,21,9,20,11,4,4,18,17,16,9,19,6,3,376,3
17,11,7,4,4,0,0,21,9,20,11,4,4,18,17,16,9,19,6,3,19,4
17,11,7,4,4,0,0,21,9,20,11,4,4,18,17,16,9,19,6,3,80,5
17,11,7,4,4,0,0,21,9,20,11,4,4,18,17,16,9,19,6,3,80,6
17,11,7,4,4,0,0,21,9,20,11,4,4,18,17,16,9,19,6,3,186,7
17,11,7,4,4,0,0,21,9,20,11,4,4,18,17,16,9,19,6,3,417,8
17,11,7,4,4,0,0,21,9,20,11,4,4,18,17,16,9,19,6,3,311,9
17,11,7,4,4,0,0,21,9,20,11,4,4,18,17,16,9,19,6,3,105,10
17,11,7,4,4,0,0,21,9,20,11,4,4,18,17,16,9,19,6,3,414,11
17,11,7,4,4,0,0,21,9,20,11,4,4,18,17,16,9,19,6,3,8,12
17,11,7,4,4,0,0,21,9,20,11,4,4,18,17,16,9,19,6,3,316,13
17,11,7,4,4,0,0,21,9,20,11,4,4,18,17,16,9,19,6,3,400,14
17,11,7,4,4,0,0,21,9,20,11,4,4,18,17,16,9,19,6,3,113,15
17,11,7,4,4,0,0,21,9,20,11,4,4,18,17,16,9,19,6,3,246,16
17,11,7,4,4,0,0,21,9,20,11,4,4,18,17,16,9,19,6,3,211,17
17,11,7,4,4,0,0,21,9,20,11,4,4,18,17,16,9,19,6,3,119,18
17,11,7,4,4,0,0,21,9,20,11,4,4,18,17,16,9,19,6,3,306,19
17,11,7,4,4,0,0,21,9,20,11,4,4,18,17,16,9,19,6,3,28,20
17,11,7,4,4,0,0,21,9,20,11,4,4,18,17,16,9,19,6,3,337,21
17,11,7,4,4,0,0,21,9,20,11,4,4,18,17,16,9,19,6,3,222,22
17,11,7,4,4,0,0,21,9,20,11,4,4,18,17,16,9,19,6,3,151,23
18,17,19,3,4,0,0,17,16,19,3,9,8,19,21,6,11,14,2,6,339,0
18,17,19,3,4,0,0,17,16,19,3,9,8,19,21,6,11,14,2,6,395,1
18,17,19,3,4,0,0,17,16,19,3,9,8,19,21,6,11,14,2,6,362,2
18,17,19,3,4,0,0,17,16,19,3,9,8,19,21,6,11,14,2,6,427,3
18,17,19,3,4,0,0,17,16,19,3,9,8,19,21,6,11,14,2,6,31,4
18,17,19,3,4,0,0,17,16,19,3,9,8,19,21,6,11,14,2,6,218,5
18,17,19,3,4,0,0,17,16,19,3,9,8,19,21,6,11,14,2,6,180,6
18,17,19,3,4,0,0,17,16,19,3,9,8,19,21,6,11,14,2,6,70,7
18,17,19,3,4,0,0,17,16,19,3,9,8,19,21,6,11,14,2,6,435,8
18,17,19,3,4,0,0,17,16,19,3,9,8,19,21,6,11,14,2,6,423,9
18,17,19,3,4,0,0,17,16,19,3,9,8,19,21,6,11,14,2,6,70,10
18,17,19,3,4,0,0,17,16,19,3,9,8,19,21,6,11,14,2,6,433,11
18,17,19,3,4,0,0,17,16,19,3,9,8,19,21,6,11,14,2,6,374,12
18,17,19,3,4,0,0,17,16,19,3,9,8,19,21,6,11,14,2,6,428,13
18,17,19,3,4,0,0,17,16,19,3,9,8,19,21,6,11,14,2,6,356,14
18,17,19,3,4,0,0,17,16,19,3,9,8,19,21,6,11,14,2,6,197,15
18,17,19,3,4,0,0,17,16,19,3,9,8,19,21,6,11,14,2,6,366,16
18,17,19,3,4,0,0,17,16,19,3,9,8,19,21,6,11,14,2,6,435,17
18,17,19,3,4,0,0,17,16,19,3,9,8,19,21,6,11,14,2,6,366,18
18,17,19,3,4,0,0,17,16,19,3,9,8,19,21,6,11,14,2,6,424,19
18,17,19,3,4,0,0,17,16,19,3,9,8,19,21,6,11,14,2,6,0,20
18,17,19,3,4,0,0,17,16,19,3,9,8,19,21,6,11,14,2,6,431,21
18,17,19,3,4,0,0,17,16,19,3,9,8,19,21,6,11,14,2,6,411,22
18,17,19,3,4,0,0,17,16,19,3,9,8,19,21,6,11,14,2,6,380,23
19,12,13,15,8,0,0,20,0,16,2,8,6,21,20,20,0,9,17,0,63,0
19,12,13,15,8,0,0,20,0,16,2,8,6,21,20,20,0,9,17,0,408,1
19,12,13,15,8,0,0,20,0,16,2,8,6,21,20,20,0,9,17,0,408,2
19,12,13,15,8,0,0,20,0,16,2,8,6,21,20,20,0,9,17,0,350,3
19,12,13,15,8,0,0,20,0,16,2,8,6,21,20,20,0,9,17,0,260,4
19,12,13,15,8,0,0,20,0,16,2,8,6,21,20,20,0,9,17,0,131,5
19,12,13,15,8,0,0,20,0,16,2,8,6,21,20,20,0,9,17,0,408,6
19,12,13,15,8,0,0,20,0,16,2,8,6,21,20,20,0,9,17,0,268,7
19,12,13,15,8,0,0,20,0,16,2,8,6,21,20,20,0,9,17,0,408,8
19,12,13,15,8,0,0,20,0,16,2,8,6,21,20,20,0,9,17,0,408,9
19,12,13,15,8,0,0,20,0,16,2,8,6,21,20,20,0,9,17,0,145,10
19,12,13,15,8,0,0,20,0,16,2,8,6,21,20,20,0,9,17,0,401,11
19,12,13,15,8,0,0,20,0,16,2,8,6,21,20,20,0,9,17,0,281,12
19,12,13,15,8,0,0,20,0,16,2,8,6,21,20,20,0,9,17,0,369,13
19,12,13,15,8,0,0,20,0,16,2,8,6,21,20,20,0,9,17,0,408,14
19,12,13,15,8,0,0,20,0,16,2,8,6,21,20,20,0,9,17,0,20,15
19,12,13,15,8,0,0,20,0,16,2,8,6,21,20,20,0,9,17,0,295,16
19,12,13,15,8,0,0,20,0,16,2,8,6,21,20,20,0,9,17,0,352,17
19,12,13,15,8,0,0,20,0,16,2,8,6,21,20,20,0,9,17,0,332,18
19,12,13,15,8,0,0,20,0,16,2,8,6,21,20,20,0,9,17,0,373,19
19,12,13,15,8,0,0,20,0,16,2,8,6,21,20,20,0,9,17,0,0,20
19,12,13,15,8,0,0,20,0,16,2,8,6,21,20,20,0,9,17,0,381,21
19,12,13,15,8,0,0,20,0,16,2,8,6,21,20,20,0,9,17,0,343,22
19,12,13,15,8,0,0,20,0,16,2,8,6,21,20,20,0,9,17,0,360,23
20,9,11,6,0,0,0,8,17,9,12,12,10,4,7,9,13,12,5,10,66,0
20,9,11,6,0,0,0,8,17,9,12,12,10,4,7,9,13,12,5,10,116,1
20,9,11,6,0,0,0,8,17,9,12,12,10,4,7,9,13,12,5,10,148,2
20,9,11,6,0,0,0,8,17,9,12,12,10,4,7,9,13,12,5,10,277,3
20,9,11,6,0,0,0,8,17,9,12,12,10,4,7,9,13,12,5,10,5,4
20,9,11,6,0,0,0,8,17,9,12,12,10,4,7,9,13,12,5,10,76,5
20,9,11,6,0,0,0,8,17,9,12,12,10,4,7,9,13,12,5,10,24,6
20,9,11,6,0,0,0,8,17,9,12,12,10,4,7,9,13,12,5,10,109,7
20,9,11,6,0,0,0,8,17,9,12,12,10,4,7,9,13,12,5,10,413,8
20,9,11,6,0,0,0,8,17,9,12,12,10,4,7,9,13,12,5,10,299,9
20,9,11,6,0,0,0,8,17,9,12,12,10,4,7,9,13,12,5,10,0,10
20,9,11,6,0,0,0,8,17,9,12,12,10,4,7,9,13,12,5,10,392,11
20,9,11,6,0,0,0,8,17,9,12,12,10,4,7,9,13,12,5,10,102,12
20,9,11,6,0,0,0,8,17,9,12,12,10,4,7,9,13,12,5,10,279,13
20,9,11,6,0,0,0,8,17,9,12,12,10,4,7,9,13,12,5,10,341,14
20,9,11,6,0,0,0,8,17,9,12,12,10,4,7,9,13,12,5,10,14,15
20,9,11,6,0,0,0,8,17,9,12,12,10,4,7,9,13,12,5,10,116,16
20,9,11,6,0,0,0,8,17,9,12,12,10,4,7,9,13,12,5,10,174,17
20,9,11,6,0,0,0,8,17,9,12,12,10,4,7,9,13,12,5,10,148,18
20,9,11,6,0,0,0,8,17,9,12,12,10,4,7,9,13,12,5,10,270,19
20,9,11,6,0,0,0,8,17,9,12,12,10,4,7,9,13,12,5,10,18,20
20,9,11,6,0,0,0,8,17,9,12,12,10,4,7,9,13,12,5,10,243,21
20,9,11,6,0,0,0,8,17,9,12,12,10,4,7,9,13,12,5,10,92,22
20,9,11,6,0,0,0,8,17,9,12,12,10,4,7,9,13,12,5,10,66,23
21,4,4,8,2,0,0,14,18,10,4,6,7,6,12,14,14,15,7,8,231,0
21,4,4,8,2,0,0,14,18,10,4,6,7,6,12,14,14,15,7,8,55,1
21,4,4,8,2,0,0,14,18,10,4,6,7,6,12,14,14,15,7,8,122,2
21,4,4,8,2,0,0,14,18,10,4,6,7,6,12,14,14,15,7,8,334,3
21,4,4,8,2,0,0,14,18,10,4,6,7,6,12,14,14,15,7,8,202,4
21,4,4,8,2,0,0,14,18,10,4,6,7,6,12,14,14,15,7,8,194,5
21,4,4,8,2,0,0,14,18,10,4,6,7,6,12,14,14,15,7,8,163,6
21,4,4,8,2,0,0,14,18,10,4,6,7,6,12,14,14,15,7,8,213,7
21,4,4,8,2,0,0,14,18,10,4,6,7,6,12,14,14,15,7,8,217,8
21,4,4,8,2,0,0,14,18,10,4,6,7,6,12,14,14,15,7,8,329,9
21,4,4,8,2,0,0,14,18,10,4,6,7,6,12,14,14,15,7,8,248,10
21,4,4,8,2,0,0,14,18,10,4,6,7,6,12,14,14,15,7,8,359,11
21,4,4,8,2,0,0,14,18,10,4,6,7,6,12,14,14,15,7,8,2,12
21,4,4,8,2,0,0,14,18,10,4,6,7,6,12,14,14,15,7,8,132,13
21,4,4,8,2,0,0,14,18,10,4,6,7,6,12,14,14,15,7,8,252,14
21,4,4,8,2,0,0,14,18,10,4,6,7,6,12,14,14,15,7,8,234,15
21,4,4,8,2,0,0,14,18,10,4,6,7,6,12,14,14,15,7,8,207,16
21,4,4,8,2,0,0,14,18,10,4,6,7,6,12,14,14,15,7,8,262,17
21,4,4,8,2,0,0,14,18,10,4,6,7,6,12,14,14,15,7,8,223,18
21,4,4,8,2,0,0,14,18,10,4,6,7,6,12,14,14,15,7,8,98,19
21,4,4,8,2,0,0,14,18,10,4,6,7,6,12,14,14,15,7,8,234,20
21,4,4,8,2,0,0,14,18,10,4,6,7,6,12,14,14,15,7,8,0,21
21,4,4,8,2,0,0,14,18,10,4,6,7,6,12,14,14,15,7,8,238,22
21,4,4,8,2,0,0,14,18,10,4,6,7,6,12,14,14,15,7,8,136,23
