Study,Run,vconst_corr,vconst_2,vconst_3,vconst_4,vconst_5,vconst_7,ah_corr,ah_bolus,slm_corr,efficiency_factor,tidal_mix_max,vertical_decay_scale,convect_corr,bckgrnd_vdc1,bckgrnd_vdc_ban,bckgrnd_vdc_eq,bckgrnd_vdc_psim,Prandtl,target
0,0,463,501,135,161,91,397,231,306,256,132,56,312,359,160,166,464,430,468,0
0,1,327,248,193,165,454,504,240,447,160,333,527,328,304,311,187,193,235,276,1
0,2,538,201,279,272,334,327,403,106,439,367,433,231,258,333,170,135,153,196,1
0,3,424,55,106,227,401,264,2,211,5,254,323,274,130,329,529,456,377,257,1
0,4,219,277,33,343,457,237,103,262,194,297,401,112,234,188,23,203,151,71,1
0,5,22,341,164,439,121,524,329,350,398,237,19,221,7,334,177,515,74,159,1
0,6,86,296,83,353,76,430,219,358,25,312,143,344,251,168,343,6,78,115,1
0,7,223,485,501,494,214,4,456,370,215,479,282,251,319,148,259,500,14,50,1
0,8,90,190,532,153,305,218,206,258,32,128,156,141,91,175,29,466,223,263,1
0,9,354,224,434,87,465,512,295,229,225,510,175,239,135,36,115,122,3,227,1
0,10,318,157,228,179,248,449,269,84,524,265,45,350,333,106,434,470,296,477,1
0,11,476,228,487,93,426,257,367,489,447,45,280,26,341,358,393,155,113,450,1
0,12,518,526,462,330,332,190,450,51,125,515,311,282,191,63,294,44,395,287,0
0,13,93,7,337,280,137,198,30,280,200,460,188,340,214,155,216,442,323,73,1
0,14,214,108,524,451,328,132,425,192,66,274,217,310,179,213,8,482,303,15,1
0,15,29,167,490,388,233,539,124,415,319,58,116,18,105,271,498,327,171,387,1
0,16,438,375,379,525,531,17,507,402,406,223,317,339,88,198,124,372,539,348,1
0,17,321,427,428,232,495,484,394,302,356,450,349,159,294,316,128,222,204,526,1
0,18,243,123,470,453,72,513,96,12,78,364,44,157,82,153,312,77,291,334,1
0,19,193,291,221,211,356,393,224,366,49,247,524,42,321,322,224,36,136,78,1
0,20,429,69,476,287,295,338,372,507,251,53,234,262,312,306,284,424,341,400,1
0,21,271,193,507,80,313,159,489,412,13,329,170,302,138,216,508,529,122,373,1
0,22,15,365,13,60,450,144,505,311,393,456,227,102,281,164,243,490,445,68,1
0,23,160,441,296,530,257,363,107,146,245,391,353,35,132,90,229,206,419,303,1
0,24,261,147,155,228,446,370,171,57,410,389,531,124,52,346,11,68,528,473,1
0,25,418,16,270,97,270,9,369,129,375,412,64,248,176,127,285,419,167,141,1
0,26,225,200,400,34,102,456,472,77,85,191,212,228,283,308,326,90,288,532,1
0,27,285,79,187,46,398,187,93,372,51,99,200,172,182,296,78,322,200,106,1
0,28,164,130,449,11,538,158,386,224,497,75,36,353,74,69,272,98,373,332,1
0,29,135,396,505,481,127,530,287,215,105,484,396,320,353,298,238,243,415,234,1
0,30,208,476,16,194,193,284,20,318,74,25,358,121,110,9,17,183,311,410,1
0,31,386,179,309,12,207,444,387,175,461,213,450,168,1,245,61,305,301,433,1
0,32,368,61,285,101,225,179,74,63,286,522,85,170,51,59,436,416,505,216,1
0,33,401,226,233,370,23,23,533,469,224,285,228,65,323,262,85,473,334,117,1
0,34,7,510,133,368,522,242,319,147,364,408,333,327,252,274,203,257,191,177,1
0,35,107,234,360,538,58,18,143,534,378,220,0,111,263,251,76,134,69,445,1
0,36,266,128,344,291,37,464,247,31,206,188,180,107,275,23,0,402,361,3,1
0,37,509,409,256,449,49,86,448,114,212,351,441,6,141,224,37,319,299,54,1
0,38,217,337,190,372,116,440,236,118,310,138,295,129,18,331,364,447,161,65,1
0,39,66,326,266,63,217,319,354,98,353,301,324,12,268,19,513,400,208,424,1
0,40,436,135,299,31,306,29,256,23,83,119,192,137,77,258,174,385,248,281,1
0,41,503,288,39,273,429,460,288,269,467,278,270,147,197,42,487,147,347,20,1
0,42,173,270,293,312,507,101,347,55,329,205,474,244,334,355,74,69,349,207,1
0,43,364,487,520,412,342,410,117,137,358,198,404,336,344,151,531,516,261,111,0
0,44,71,519,276,441,155,285,429,454,20,251,418,279,45,266,477,108,17,371,1
0,45,197,88,301,479,180,48,251,352,291,257,201,255,220,319,471,296,89,289,1
0,46,61,411,185,419,85,358,310,24,417,268,213,24,21,54,331,146,31,321,1
0,47,465,211,323,461,416,32,165,388,264,326,285,21,218,75,519,427,103,454,1
0,48,393,422,517,29,228,102,415,484,509,375,6,304,97,114,197,395,240,1,0
0,49,481,450,395,202,389,507,120,464,468,447,534,206,158,117,3,512,457,345,1
0,50,187,12,359,522,204,182,442,492,426,446,265,204,228,24,278,171,232,164,1
0,51,251,498,325,164,316,293,483,525,133,418,262,132,33,158,192,376,481,97,1
0,52,325,444,493,143,14,374,524,363,390,398,278,87,13,92,441,360,41,252,1
0,53,342,313,29,158,160,288,85,344,301,288,146,271,336,254,318,433,228,138,1
0,54,369,252,381,519,364,71,382,334,283,120,9,85,246,113,135,24,402,412,1
0,55,483,105,249,383,474,174,160,510,532,88,365,71,27,44,409,118,177,300,1
0,56,73,243,339,130,534,194,168,321,115,370,372,259,62,131,231,495,405,84,1
0,57,519,468,235,37,78,107,378,197,520,69,371,349,8,123,53,111,1,511,0
0,58,237,153,405,474,498,419,528,164,111,384,5,73,30,176,502,391,461,38,1
0,59,121,539,356,430,109,348,301,255,9,32,90,199,95,66,149,353,285,158,1
0,60,139,387,128,138,156,150,207,35,477,232,390,188,249,208,405,436,502,29,1
0,61,281,302,25,435,503,425,36,394,421,109,150,134,148,233,367,485,433,14,1
0,62,332,400,421,18,131,80,218,506,33,18,342,115,357,147,209,297,245,135,0
0,63,58,434,209,136,212,46,183,9,324,291,41,126,324,49,140,232,478,509,1
0,64,252,241,304,195,352,433,405,515,289,472,239,46,326,128,483,407,412,420,1
0,65,357,143,56,497,125,64,11,198,505,321,319,151,119,172,105,411,118,126,1
0,66,89,150,37,396,288,7,78,312,484,466,298,181,270,120,415,57,325,486,1
0,67,292,117,146,328,173,307,115,79,512,10,196,76,116,137,67,539,391,440,1
0,68,167,298,177,377,243,1,278,133,45,159,530,307,79,206,118,271,181,297,1
0,69,298,345,97,508,521,490,155,73,501,243,502,97,257,276,419,523,319,459,1
0,70,32,18,148,182,31,473,376,218,464,84,479,75,207,235,113,311,352,103,1
0,71,452,188,75,491,391,234,239,480,148,310,308,213,244,187,39,65,278,354,1
0,72,146,352,535,420,250,120,308,282,120,81,247,68,242,38,289,383,448,484,1
0,73,13,424,212,466,440,341,254,286,528,349,208,63,123,252,163,507,170,378,1
0,74,147,327,90,364,8,442,292,264,97,330,251,324,227,35,292,89,440,384,1
0,75,267,280,8,21,433,399,486,20,146,357,77,289,172,352,392,187,533,241,1
0,76,155,509,430,432,341,119,230,305,431,56,460,354,24,143,374,101,489,189,1
0,77,489,456,18,206,348,502,21,296,118,498,190,298,311,30,198,290,46,147,0
0,78,427,51,203,175,145,492,52,362,492,173,127,145,223,180,538,86,143,258,1
0,79,347,523,440,303,421,245,496,437,136,226,421,4,155,278,281,41,93,458,1
0,80,131,94,157,213,266,169,460,272,415,468,515,293,120,182,206,379,185,381,1
0,81,434,36,168,74,16,203,478,89,232,37,480,155,28,264,266,306,25,173,1
0,82,362,394,512,149,442,535,24,60,90,5,444,191,217,27,129,235,466,57,1
0,83,312,275,119,299,372,41,133,143,481,294,275,45,239,339,328,534,101,489,1
0,84,527,321,166,531,150,486,410,110,303,407,466,252,199,118,448,28,527,272,0
0,85,255,529,138,7,299,299,313,499,252,415,493,66,302,102,489,249,342,11,0
0,86,274,306,5,191,483,368,538,236,162,181,97,82,67,303,211,152,270,166,1
0,87,260,495,306,249,60,500,138,67,230,538,15,108,4,218,375,240,281,395,1
0,88,296,533,206,325,69,113,437,502,373,360,110,224,17,195,55,330,378,201,1
0,89,340,4,312,406,176,197,49,375,40,440,455,208,35,293,464,325,284,204,1
0,90,374,31,376,255,468,437,480,531,189,235,71,50,255,40,341,239,521,513,1
0,91,496,168,334,208,239,482,270,299,89,492,221,203,115,170,46,262,36,466,1
0,92,524,372,283,43,56,426,434,339,321,156,223,235,315,28,308,345,366,535,0
0,93,1,504,415,426,191,360,440,520,384,315,89,291,103,357,481,285,485,474,1
0,94,414,467,52,52,275,110,426,428,63,509,140,98,277,268,219,506,97,419,0
0,95,454,68,318,347,384,294,196,203,338,141,80,105,69,344,35,207,192,109,1
0,96,206,514,49,498,107,347,63,473,341,242,405,93,202,223,20,387,408,233,1
0,97,528,75,513,48,9,138,5,159,399,527,255,48,168,32,263,218,451,463,1
0,98,513,144,150,337,463,384,128,456,2,193,147,233,39,324,89,316,337,237,1
0,99,302,114,374,81,68,87,135,438,499,486,331,95,146,261,469,124,357,95,1
0,100,46,41,32,234,178,416,363,158,28,347,94,301,142,202,151,340,105,538,1
0,101,316,287,402,511,221,353,279,28,109,72,468,187,349,166,191,221,44,213,1
0,102,4,232,539,59,362,91,111,380,330,341,511,241,331,96,24,446,398,396,1
0,103,26,26,410,359,417,467,322,475,316,114,167,211,241,157,43,474,57,46,1
0,104,40,383,477,66,488,128,198,422,186,441,384,196,306,110,110,349,476,405,1
0,105,156,250,114,244,283,214,178,465,445,168,487,177,287,79,517,455,226,317,1
0,106,37,63,104,103,64,310,175,382,437,378,456,193,166,227,275,337,157,358,1
0,107,202,205,224,487,379,222,264,71,172,503,387,61,291,95,493,292,507,168,1
0,108,492,480,435,410,371,142,243,155,334,145,411,264,284,61,180,363,129,42,0
0,109,182,461,389,69,165,154,282,273,170,496,48,9,308,285,32,439,90,200,1
0,110,283,10,498,393,321,380,498,92,350,0,377,330,65,20,309,397,139,522,1
0,111,304,385,315,2,512,421,70,188,141,185,117,14,185,134,65,94,196,404,1
0,112,231,138,412,112,518,251,148,93,312,13,233,90,233,289,226,130,331,448,1
0,113,176,436,237,25,309,149,14,425,433,196,428,54,181,272,315,355,127,518,1
0,114,468,490,417,378,183,74,41,182,42,105,23,273,186,243,399,525,312,267,0
0,115,487,214,122,77,382,136,536,140,513,29,122,183,316,141,457,228,211,145,1
0,116,535,330,109,124,25,93,180,497,235,6,347,194,224,100,370,15,516,319,0
0,117,380,447,245,127,406,54,108,277,221,306,519,100,192,241,465,4,386,132,1
0,118,404,122,0,39,269,76,362,539,16,518,254,314,84,98,144,274,252,504,1
0,119,421,197,64,361,89,228,351,292,62,67,172,276,174,248,159,371,148,310,1
0,120,53,493,453,150,27,67,44,315,209,258,484,167,160,51,172,167,124,245,1
0,121,133,134,345,277,287,315,164,166,489,163,269,29,236,300,81,181,437,23,1
0,122,97,217,225,322,489,405,467,100,58,201,378,268,98,11,446,141,174,497,1
0,123,200,164,328,217,98,517,501,120,456,420,31,17,355,281,155,55,163,123,1
0,124,409,407,46,501,393,375,339,288,218,174,243,56,265,247,101,430,356,494,1
0,125,506,283,99,404,459,211,88,445,38,43,153,1,49,304,103,164,84,264,1
0,126,441,367,173,253,187,125,157,102,307,336,135,130,55,321,253,314,188,376,1
0,127,246,174,364,183,358,270,325,336,258,433,538,118,47,287,440,248,327,339,1
0,128,510,104,213,301,345,476,462,246,518,279,439,178,278,315,98,410,259,314,1
0,129,500,182,425,469,473,468,27,441,268,166,303,342,59,132,300,367,10,250,1
0,130,240,535,441,317,292,232,75,206,472,210,341,41,145,313,474,83,66,306,1
0,131,44,431,269,168,162,496,259,249,246,534,383,222,162,84,92,73,201,180,1
0,132,125,49,496,516,263,268,59,325,296,481,288,143,300,71,357,12,49,61,1
0,133,377,404,73,485,198,326,274,418,362,342,164,284,339,87,534,284,34,416,0
0,134,112,303,9,308,368,219,413,239,103,135,338,242,201,162,452,213,454,52,1
0,135,448,97,386,319,223,413,336,406,368,428,107,332,298,82,268,281,514,31,1
0,136,310,391,528,472,0,171,419,127,475,218,463,31,204,341,132,10,255,185,1
0,137,76,310,352,339,408,454,190,329,451,91,517,164,43,294,423,494,114,284,1
0,138,458,316,86,446,196,280,512,45,281,394,312,308,125,236,362,260,275,337,1
0,139,335,349,391,115,83,344,453,529,411,373,206,152,157,211,404,253,363,89,1
0,140,277,362,290,144,141,167,391,191,262,229,241,359,128,343,323,116,511,246,1
0,141,349,91,69,220,35,356,401,220,297,424,424,123,14,192,248,519,469,363,1
0,142,405,29,473,17,515,62,192,461,126,505,410,217,87,178,421,420,77,7,1
0,143,228,220,457,264,18,130,188,429,75,22,436,334,109,327,429,179,497,273,1
0,144,102,261,181,223,99,58,446,125,140,64,104,246,56,185,348,195,425,122,1
0,145,110,173,332,3,254,208,476,112,345,98,100,39,107,0,69,53,382,83,1
0,146,18,473,58,121,201,303,202,43,242,33,415,316,343,16,381,502,52,176,1
0,147,189,183,66,55,376,477,151,245,388,383,258,37,37,56,299,160,499,35,1
0,148,388,318,398,262,139,322,131,240,276,93,111,323,213,283,241,488,426,443,1
0,149,183,209,481,172,235,301,262,48,154,437,82,280,328,196,397,267,237,529,1
0,150,115,45,94,335,51,98,16,434,185,129,24,117,150,190,428,226,536,228,1
0,151,142,34,241,268,93,388,212,522,56,61,508,80,136,80,453,30,251,150,1
0,152,308,479,113,110,423,335,54,397,453,270,124,347,60,349,337,33,399,426,1
0,153,471,516,275,91,242,253,92,209,443,79,14,53,297,290,526,169,265,130,0
0,154,398,356,260,391,529,226,315,36,238,155,302,185,209,7,121,128,63,75,0
0,155,353,344,200,246,300,205,348,82,270,152,129,149,273,47,511,533,23,220,1
0,156,170,418,263,401,169,276,33,391,274,113,72,89,3,109,304,459,420,362,1
0,157,78,333,525,132,506,37,68,8,131,491,491,79,10,205,522,158,83,501,1
0,158,54,269,460,85,148,34,101,451,527,147,329,318,70,125,356,0,522,186,1
0,159,383,42,218,350,494,83,331,177,152,263,367,295,266,144,496,107,7,40,1
0,160,212,85,23,290,47,26,520,16,158,319,447,10,165,214,505,334,29,90,1
0,161,48,370,79,186,281,519,45,254,425,355,134,356,152,105,334,62,19,26,1
0,162,33,111,61,310,260,185,298,409,6,399,361,3,350,88,379,190,371,520,1
0,163,461,259,366,355,326,331,227,39,534,474,159,287,113,53,93,139,110,500,0
0,164,127,58,125,282,448,262,343,401,180,50,185,161,211,3,143,104,268,481,1
0,165,289,256,254,106,4,391,359,1,23,177,356,226,261,337,387,265,441,155,1
0,166,179,99,446,237,43,533,144,518,343,430,471,214,127,239,250,342,218,210,1
0,167,533,359,467,384,117,525,468,385,178,462,430,163,81,14,352,477,388,326,1
0,168,479,454,159,515,480,312,83,477,202,303,68,201,72,77,257,45,133,223,0
0,169,151,82,452,416,526,246,421,231,95,533,27,22,41,231,411,174,473,292,1
0,170,9,264,349,118,320,274,214,183,196,123,33,260,288,350,236,22,60,343,1
0,171,236,462,44,295,132,115,527,347,487,208,495,266,92,13,384,198,215,327,1
0,172,445,160,371,535,113,13,60,4,167,402,291,218,189,138,346,301,494,294,1
0,173,118,414,196,464,403,404,518,355,70,15,506,59,23,5,460,450,462,366,1
0,174,392,238,483,200,337,450,333,152,101,103,60,33,171,220,214,78,220,101,1
0,175,413,73,246,457,437,382,493,171,175,453,499,138,347,256,158,358,486,430,1
0,176,337,440,87,259,412,44,8,227,369,528,53,175,231,65,58,210,306,392,0
0,177,81,380,129,423,478,52,514,170,403,284,57,236,100,228,48,50,146,192,1
0,178,101,22,175,242,40,163,396,488,382,521,394,297,195,73,12,277,56,435,1
0,179,65,1,143,505,276,259,304,332,538,40,178,256,293,201,185,18,317,352,1
1,0,188,133,445,56,347,188,441,310,400,124,73,169,99,249,461,157,417,79,1
1,1,85,170,15,148,186,2,475,116,243,51,145,43,29,212,94,254,411,172,1
1,2,361,518,202,478,219,89,375,144,191,260,339,64,129,336,530,294,376,290,1
1,3,488,469,363,111,253,518,136,320,470,47,382,13,126,91,412,143,513,528,0
1,4,55,406,361,379,134,152,326,393,365,149,357,275,25,41,500,84,394,59,1
1,5,159,319,74,68,158,103,261,472,46,332,395,352,167,265,347,189,429,322,1
1,6,358,489,321,309,373,57,170,66,36,66,137,346,68,126,193,121,404,368,1
1,7,98,266,385,539,455,220,356,291,449,35,334,47,330,314,160,350,67,113,1
1,8,432,392,182,193,418,95,268,514,328,365,121,254,151,354,485,511,409,506,1
1,9,143,44,261,125,444,283,511,381,18,55,222,83,83,237,106,531,257,475,1
1,10,109,486,458,445,41,243,492,134,21,95,93,286,254,286,75,7,193,311,1
1,11,75,161,38,414,190,210,189,538,500,59,158,60,247,174,467,272,102,102,1
1,12,444,503,343,417,38,514,248,467,11,24,448,166,190,342,109,16,345,24,1
1,13,11,464,471,421,251,491,105,455,145,9,235,317,106,186,509,498,15,82,1
1,14,346,351,399,483,229,227,516,95,205,323,537,16,351,310,207,282,452,451,1
1,15,474,366,176,190,106,230,199,403,203,356,242,153,221,93,451,244,99,390,0
1,16,411,379,422,431,236,537,98,420,4,396,101,15,32,45,133,503,198,406,1
1,17,531,227,140,239,104,311,345,61,84,27,125,292,225,317,443,418,517,479,1
1,18,31,199,130,128,456,414,166,367,114,494,417,283,329,29,102,321,280,187,1
1,19,24,361,518,243,101,453,90,333,459,62,477,229,71,244,445,403,175,456,1
1,20,178,276,127,342,331,336,490,503,134,176,115,270,262,229,262,148,82,471,1
1,21,339,505,515,159,293,429,458,160,306,219,37,195,133,301,366,461,464,428,1
1,22,323,15,310,357,28,109,48,346,31,110,20,142,203,250,437,60,400,359,1
1,23,480,181,145,78,329,328,503,54,349,346,266,101,301,17,311,72,392,13,1
1,24,355,386,346,326,296,258,373,400,337,386,52,162,5,103,439,331,147,197,1
1,25,399,475,211,30,62,10,132,364,91,273,274,182,289,199,79,184,64,495,0
1,26,494,207,314,354,470,355,531,505,482,467,165,278,178,129,97,186,123,119,1
1,27,256,222,499,329,399,351,499,213,479,136,163,300,54,299,82,259,144,291,1
1,28,508,309,238,108,539,408,126,173,333,140,375,305,15,282,340,200,94,100,1
1,29,305,50,85,523,323,536,284,19,493,8,210,110,243,207,137,216,24,429,1
1,30,209,21,183,307,282,395,534,193,383,112,176,2,320,238,205,276,329,516,1
1,31,402,437,158,518,485,27,323,138,287,339,47,11,173,18,302,263,222,462,1
1,32,254,410,124,209,314,385,237,498,149,513,199,144,276,312,503,172,98,255,1
1,33,299,187,189,334,467,56,424,459,446,41,409,180,216,107,524,11,300,283,1
1,34,301,163,111,506,92,51,149,452,436,414,512,139,253,323,398,406,5,370,1
1,35,150,332,486,51,211,263,53,290,404,106,535,96,267,356,41,373,524,128,1
1,36,530,528,50,64,499,126,307,408,129,160,507,36,147,260,19,110,72,446,0
1,37,47,307,438,61,307,389,461,251,39,117,313,27,348,121,491,452,428,389,1
1,38,331,253,197,177,63,206,211,196,339,186,62,311,352,181,49,481,13,382,1
1,39,490,294,447,140,340,39,181,15,143,70,469,78,208,97,225,137,216,22,0
1,40,8,393,248,340,77,201,368,128,389,215,271,257,118,305,433,364,330,524,1
1,41,34,322,286,247,195,447,289,267,279,419,245,237,144,240,518,38,80,178,1
1,42,499,14,226,233,285,143,4,163,486,63,160,263,122,326,71,476,324,313,1
1,43,92,255,264,72,359,30,86,337,331,127,532,148,282,8,267,115,186,425,1
1,44,319,116,378,452,15,79,335,470,516,295,325,99,310,2,56,229,446,214,1
1,45,384,195,194,486,415,308,506,230,127,477,453,247,229,200,406,46,504,361,1
1,46,250,189,162,250,142,36,79,416,164,20,78,34,22,119,305,234,55,47,1
1,47,203,442,436,292,218,485,393,360,507,101,492,190,78,156,497,205,282,271,1
1,48,451,271,307,96,6,207,220,526,265,209,379,109,346,330,196,341,209,62,1
1,49,80,239,411,254,265,371,47,419,442,438,65,299,325,145,36,255,508,72,1
1,50,38,86,43,229,129,314,43,511,44,182,307,104,332,116,254,396,183,525,1
1,51,470,245,482,6,152,509,299,221,473,261,112,5,196,43,235,219,460,10,1
1,52,220,141,295,304,524,265,529,313,496,313,498,351,232,4,244,231,498,209,1
1,53,120,229,373,117,355,252,371,263,72,96,290,249,16,169,382,535,243,350,1
1,54,512,286,250,360,203,191,477,253,342,146,105,290,354,209,190,386,443,274,1
1,55,282,154,530,181,427,157,420,340,153,217,91,306,46,67,338,441,40,143,1
1,56,338,136,22,413,138,511,223,185,429,184,310,44,63,46,320,413,447,514,1
1,57,478,338,60,526,471,273,177,342,299,476,426,258,42,226,255,303,525,175,1
1,58,270,148,281,201,303,379,201,405,240,289,10,209,356,140,152,538,9,519,1
1,59,224,451,396,35,3,411,102,283,419,512,350,215,183,99,401,467,379,498,1
1,60,276,357,252,434,435,523,438,29,208,194,248,125,53,246,173,343,214,299,1
1,61,262,293,382,385,144,304,464,322,409,429,504,133,34,76,147,308,197,149,1
1,62,430,312,169,256,55,321,233,168,361,531,260,272,40,267,31,300,439,251,1
1,63,16,413,271,348,24,345,291,44,257,307,181,267,271,37,353,31,369,409,1
1,64,269,118,92,336,222,364,332,205,29,42,230,116,64,234,182,202,488,110,1
1,65,12,126,76,424,405,147,427,167,511,102,398,72,303,225,282,329,267,0,1
1,66,244,52,120,135,519,420,245,533,413,202,496,309,309,325,273,13,318,353,1
1,67,123,484,375,171,424,349,100,233,380,422,32,200,280,275,27,162,484,502,1
1,68,273,66,215,507,441,216,392,274,292,413,252,179,205,21,146,458,286,393,1
1,69,52,218,207,394,301,121,309,6,55,222,256,234,219,242,463,435,458,67,1
1,70,210,258,393,428,52,43,35,50,367,520,413,189,153,111,380,382,263,316,1
1,71,205,249,292,166,431,117,208,517,169,358,297,20,164,135,111,51,227,247,1
1,72,348,403,244,120,171,383,338,308,227,432,514,198,12,25,14,286,132,231,1
1,73,111,460,149,459,387,47,526,121,138,298,133,296,245,253,91,423,2,269,1
1,74,504,106,368,174,1,407,272,396,87,31,351,176,159,10,57,469,250,93,1
1,75,5,125,255,0,533,359,317,156,110,130,171,51,335,215,321,489,314,86,1
1,76,329,112,442,297,528,373,273,181,15,536,277,325,48,78,86,428,258,265,1
1,77,279,520,284,185,464,160,161,435,535,309,250,69,193,163,525,48,30,442,1
1,78,185,3,370,236,278,166,318,316,192,272,482,140,188,64,355,318,406,304,1
1,79,138,513,93,510,159,506,276,294,273,74,434,281,317,130,127,273,364,320,1
1,80,501,334,268,162,87,233,56,491,434,249,345,7,121,167,131,522,48,236,1
1,81,372,178,527,84,487,438,40,226,391,369,523,238,305,230,314,227,51,277,1
1,82,134,399,355,536,81,105,58,430,179,48,435,219,20,270,325,504,374,91,1
1,83,20,536,319,320,461,177,153,390,79,255,283,216,260,86,21,289,383,240,1
1,84,311,81,28,296,280,466,539,384,385,380,520,240,50,320,264,126,353,403,1
1,85,119,466,485,20,349,70,353,521,463,508,22,223,134,288,418,440,414,32,1
1,86,63,273,506,465,289,236,399,99,313,134,414,227,6,292,430,291,91,418,1
1,87,428,47,96,284,262,19,260,444,59,390,300,207,240,194,297,415,358,341,1
1,88,239,98,424,365,452,85,17,119,311,236,232,52,313,50,317,21,338,205,1
1,89,326,8,10,269,439,320,466,70,102,344,459,269,345,189,532,493,150,184,1
1,90,497,145,406,371,192,5,9,439,198,393,54,23,184,85,468,166,233,37,1
1,91,516,398,82,265,168,49,119,413,121,283,189,338,237,280,179,496,137,259,0
1,92,334,100,136,107,509,279,172,379,156,78,486,174,235,52,230,317,308,488,1
1,93,68,381,259,89,84,250,379,78,317,116,84,313,194,277,139,484,340,121,1
1,94,21,426,54,41,535,531,109,257,71,482,119,0,111,263,504,434,468,18,1
1,95,258,19,232,468,70,131,229,149,96,442,130,186,11,204,271,159,242,374,1
1,96,145,438,317,14,366,290,404,369,53,451,442,30,327,307,360,102,206,154,1
1,97,410,524,24,199,50,495,470,235,305,170,75,173,238,15,373,242,385,69,0
1,98,2,57,392,214,108,73,122,41,422,320,81,322,180,347,456,313,343,34,1
1,99,484,364,403,261,501,6,242,64,396,388,151,319,256,179,200,514,294,261,1
1,100,394,538,205,219,319,443,62,285,454,517,364,171,314,183,222,399,424,105,1
1,101,227,419,70,134,510,146,451,131,272,362,215,212,307,34,377,123,112,125,1
1,102,376,305,324,82,199,494,328,96,476,448,40,84,66,60,44,431,273,140,1
1,103,215,38,479,373,205,499,158,298,113,92,141,265,124,58,52,34,115,285,1
1,104,128,478,329,225,365,459,113,508,188,3,16,245,286,1,73,96,435,453,1
1,105,521,140,523,392,237,342,150,11,183,334,96,337,187,221,237,56,162,415,1
1,106,181,129,34,399,167,434,252,47,94,537,203,19,226,353,333,64,142,64,1
1,107,235,165,489,398,380,292,174,389,231,277,58,250,358,297,218,310,315,243,1
1,108,154,2,219,458,491,22,95,427,26,327,452,86,89,12,16,75,530,194,1
1,109,233,204,31,38,97,470,497,276,352,461,344,303,139,139,296,192,236,401,1
1,110,83,267,459,300,215,170,257,357,64,305,87,113,137,291,288,40,272,225,1
1,111,423,481,432,532,114,436,142,523,77,400,209,25,337,81,306,26,202,55,0
1,112,194,300,509,258,395,277,519,495,7,248,204,165,9,89,424,472,519,134,1
1,113,191,527,47,438,32,332,522,189,237,325,179,67,90,210,154,264,88,335,1
1,114,28,78,340,405,57,529,204,331,259,266,446,210,338,203,391,298,309,470,1
1,115,43,109,416,76,11,90,305,176,223,506,238,74,248,340,1,20,35,397,0
1,116,74,355,19,50,135,472,266,58,374,87,267,277,154,72,247,87,61,28,1
1,117,291,221,450,131,164,65,350,223,219,445,305,348,175,6,202,462,166,6,1
1,118,172,328,172,114,360,424,82,443,531,463,28,184,36,257,99,449,534,131,1
1,119,175,389,105,499,476,60,184,123,347,405,327,94,222,269,66,380,21,170,1
1,120,99,236,153,42,298,139,66,21,526,167,399,345,156,33,210,393,172,77,1
1,121,352,233,230,278,67,298,296,474,228,233,219,329,149,124,482,80,160,508,1
1,122,287,445,134,170,335,116,473,72,135,368,108,103,299,217,478,375,490,224,1
1,123,49,40,88,188,409,475,18,301,465,526,467,294,131,295,363,324,532,492,1
1,124,522,346,357,204,247,316,381,242,485,529,518,315,340,31,473,347,121,161,0
1,125,382,416,538,104,268,24,250,376,424,245,503,28,80,152,408,215,396,356,1
1,126,265,202,40,528,449,403,300,151,248,252,374,70,269,74,64,132,467,432,1
1,127,457,210,494,520,422,527,454,493,211,404,473,205,117,26,535,454,42,39,1
1,128,365,342,57,331,124,77,38,433,106,287,103,154,290,83,279,335,537,163,1
1,129,449,471,118,436,504,401,418,536,214,82,431,358,31,332,117,368,290,4,1
1,130,39,423,188,156,477,418,64,3,100,267,425,122,161,142,232,154,253,87,1
1,131,288,240,455,94,20,286,407,88,428,495,187,285,272,115,447,209,189,386,1
1,132,435,192,6,323,95,68,411,327,250,372,35,135,38,273,512,106,246,165,1
1,133,440,317,303,146,411,124,344,108,530,199,458,119,212,173,122,1,368,280,1
1,134,419,371,1,381,241,376,225,481,370,423,279,49,86,94,240,280,128,296,1
1,135,344,339,68,367,44,137,146,33,61,473,528,326,292,193,291,336,482,338,0
1,136,422,35,409,387,514,503,123,485,440,469,2,197,279,351,45,91,38,157,1
1,137,397,71,335,447,492,339,1,86,0,348,293,288,85,259,164,196,106,152,1
1,138,163,348,115,492,274,134,28,13,503,455,368,120,19,177,475,246,131,437,1
1,139,94,297,199,45,390,33,364,266,124,523,168,81,73,68,287,422,156,329,1
1,140,149,77,466,314,227,398,285,247,12,488,218,40,101,191,123,269,512,324,1
1,141,136,27,475,197,111,97,485,458,355,352,360,261,76,146,142,479,47,533,1
1,142,169,121,338,270,369,480,129,30,269,240,183,150,296,279,402,151,109,342,1
1,143,460,324,14,5,80,520,26,37,117,86,226,136,57,284,514,369,28,137,1
1,144,453,176,353,23,33,200,385,103,50,189,462,128,114,222,249,43,70,211,1
1,145,229,531,469,489,177,193,193,26,181,142,391,57,94,318,167,486,474,330,1
1,146,536,282,431,454,402,16,447,91,395,157,322,127,322,348,330,211,434,16,1
1,147,537,247,427,496,338,479,73,353,35,300,403,333,342,338,416,390,453,96,1
1,148,472,373,288,142,209,81,358,324,539,14,195,55,285,345,395,526,492,364,1
1,149,295,507,495,28,525,184,481,348,171,292,194,158,169,255,34,175,239,539,1
1,150,367,54,141,471,149,445,32,212,458,485,318,8,44,22,494,518,362,301,1
1,151,407,184,533,286,272,361,77,153,261,164,388,253,295,39,62,521,354,413,1
1,152,462,213,419,462,122,487,360,201,300,457,70,156,163,184,329,168,85,199,1
1,153,87,499,167,443,317,14,139,303,253,239,475,146,170,171,188,351,304,230,1
1,154,391,89,110,15,232,296,213,449,450,436,149,321,2,359,4,3,421,254,1
1,155,370,65,387,316,258,334,89,243,521,151,7,38,198,165,388,27,501,202,1
1,156,216,25,536,351,181,155,515,354,278,501,26,220,264,149,537,119,229,449,1
1,157,313,289,102,154,325,176,71,76,359,427,12,230,274,101,369,140,8,239,1
1,158,514,172,78,90,175,300,398,238,150,409,263,88,102,154,176,408,155,217,1
1,159,306,511,222,224,377,111,186,462,282,154,42,335,230,48,521,66,298,534,0
1,160,242,102,464,482,344,223,487,111,506,381,139,114,0,161,26,237,168,421,1
1,161,105,494,3,476,481,215,12,486,320,204,67,355,112,62,385,251,277,380,1
1,162,69,62,273,403,353,462,22,373,323,77,385,202,75,328,350,177,389,377,1
1,163,415,279,160,24,517,366,114,271,67,21,370,225,26,70,427,58,75,490,1
1,164,317,421,217,346,74,267,312,179,414,317,489,343,61,104,359,82,472,512,1
1,165,130,262,242,275,396,173,416,478,515,197,330,91,177,232,184,361,293,480,1
1,166,387,448,348,514,496,392,435,2,294,230,3,58,250,150,215,223,333,438,1
1,167,166,453,510,408,381,164,7,199,376,212,406,106,58,133,258,99,178,460,1
1,168,104,429,100,218,126,180,341,279,325,178,155,62,200,122,87,113,140,346,1
1,169,157,156,302,212,185,100,444,423,161,172,440,32,143,197,276,530,58,53,1
1,170,466,9,297,71,13,427,409,259,405,2,287,341,206,57,169,180,350,49,1
1,171,114,376,53,151,118,324,432,217,195,338,126,232,215,159,7,445,321,221,1
1,172,525,74,65,99,311,195,280,81,288,36,50,243,96,108,455,509,496,485,1
1,173,442,433,502,57,245,458,217,105,81,490,525,92,210,302,420,359,117,467,1
1,174,196,497,521,240,256,247,431,187,217,227,336,131,93,55,156,129,221,144,1
1,175,198,152,277,288,386,272,388,136,234,121,294,357,318,112,486,95,264,181,1
1,176,378,93,178,9,154,241,197,52,176,281,420,160,104,219,344,70,210,308,1
1,177,62,457,152,503,45,451,163,141,523,377,315,331,259,136,10,388,182,43,1
1,178,57,92,331,376,22,255,509,530,165,500,355,192,108,309,221,144,477,114,1
1,179,247,32,236,281,432,239,234,208,490,17,485,77,140,335,116,356,18,190,1
2,0,437,452,41,318,469,189,210,101,290,395,4,449,375,493,25,178,138,305,1
2,1,199,532,91,529,36,151,330,172,293,153,142,469,389,381,327,405,50,360,1
2,2,385,428,426,490,466,209,320,476,335,452,138,404,508,415,319,233,219,94,1
2,3,523,292,71,460,339,497,417,509,204,68,257,537,399,452,442,513,266,328,1
2,4,403,96,231,341,10,463,15,68,498,350,152,413,457,492,120,352,431,124,1
2,5,345,388,503,235,202,165,423,74,483,60,173,388,416,474,134,136,335,483,0
2,6,417,20,55,279,277,229,145,174,177,207,373,429,527,404,59,302,54,88,1
2,7,25,72,526,422,267,510,3,457,314,90,488,419,413,514,376,344,16,402,1
2,8,320,28,36,113,322,478,156,154,295,335,348,534,434,471,458,165,149,218,1
2,9,211,295,454,293,327,488,51,56,239,143,296,501,522,499,345,362,360,17,1
2,10,350,80,369,527,136,369,235,241,386,324,30,394,402,457,233,453,164,444,1
2,11,82,251,287,517,367,498,395,150,92,71,501,365,390,403,213,524,27,344,1
2,12,201,353,192,22,59,82,406,471,116,426,529,482,364,374,459,528,456,212,1
2,13,241,477,529,266,220,25,433,130,267,525,193,382,415,411,417,370,413,9,1
2,14,408,482,265,356,378,129,400,436,480,133,337,478,367,429,171,100,367,286,1
2,15,443,257,7,533,163,260,19,496,263,139,346,476,403,372,303,63,32,275,1
2,16,515,315,234,180,304,28,226,62,249,371,457,533,511,502,153,76,381,203,0
2,17,539,395,59,95,472,240,290,122,19,530,423,514,505,517,368,8,119,188,1
2,18,64,139,420,274,436,396,428,338,14,137,521,518,422,406,265,384,444,349,1
2,19,84,377,117,407,425,261,134,404,381,100,408,416,463,431,95,247,365,408,1
2,20,360,13,184,205,413,141,321,386,1,192,522,525,405,503,476,491,116,318,1
2,21,495,463,262,512,88,521,306,260,448,85,419,508,376,426,227,283,432,414,1
2,22,180,408,95,509,363,199,366,139,298,470,397,524,447,488,501,266,427,323,1
2,23,100,320,298,109,532,390,275,109,474,376,83,530,530,397,201,444,355,58,1
2,24,275,470,492,386,157,329,39,528,402,161,443,485,469,525,450,346,297,465,1
2,25,42,459,67,248,146,31,316,5,37,343,500,529,454,500,47,432,279,160,1
2,26,336,512,300,352,259,501,324,359,132,89,272,504,516,460,204,279,339,325,0
2,27,263,500,407,470,493,256,209,487,73,4,11,481,446,451,125,212,359,5,1
2,28,477,354,358,263,370,12,253,270,93,206,381,428,382,490,138,74,276,469,1
2,29,482,191,35,137,130,78,137,468,41,331,314,395,455,476,354,460,520,302,1
2,30,389,412,456,27,350,127,125,169,441,94,59,369,374,529,234,348,351,517,1
2,31,245,314,107,169,388,104,69,527,8,195,240,453,368,383,533,241,244,56,1
2,32,27,198,243,397,255,302,46,326,432,187,386,405,417,530,520,505,26,472,1
2,33,475,146,239,1,394,317,6,194,302,148,18,362,439,386,298,199,292,70,1
2,34,0,350,247,345,523,428,342,343,3,244,464,363,361,399,136,394,260,41,1
2,35,431,24,351,321,30,474,525,314,344,180,432,436,533,516,322,378,120,162,1
2,36,447,33,504,155,189,168,91,411,69,73,79,379,431,481,371,295,387,340,1
2,37,207,149,112,495,318,352,87,244,107,471,481,386,404,448,30,293,43,407,1
2,38,129,417,142,44,513,108,179,341,151,290,114,466,410,504,332,61,79,48,1
2,39,257,522,474,402,194,275,37,351,379,28,92,403,476,466,527,208,442,167,1
2,40,375,151,137,305,537,439,355,392,407,316,299,414,369,365,372,71,217,367,1
2,41,56,311,51,389,226,489,495,432,412,514,268,391,458,407,507,93,271,496,1
2,42,190,472,272,58,230,123,294,261,525,1,343,447,470,533,351,417,515,333,1
2,43,456,329,451,241,527,153,469,59,226,308,516,425,487,401,220,287,135,99,0
2,44,371,186,444,226,462,402,471,383,366,406,131,488,430,371,178,236,145,183,1
2,45,70,515,372,332,238,140,449,210,519,539,513,516,436,423,269,150,289,179,1
2,46,520,23,408,126,383,40,361,157,210,532,509,430,456,402,72,176,326,530,1
2,47,72,530,27,427,490,441,159,293,280,507,69,421,381,509,148,278,423,253,1
2,48,226,11,195,176,324,415,302,85,327,353,422,380,441,436,42,457,225,369,1
2,49,238,107,522,444,115,461,408,399,326,221,286,507,443,378,358,201,262,244,1
2,50,396,203,229,382,170,516,127,126,119,125,427,378,380,535,516,59,535,232,1
2,51,126,483,161,67,315,448,502,494,266,107,249,512,426,363,168,214,213,198,1
2,52,450,48,478,173,71,172,84,440,76,379,472,366,495,497,6,32,455,153,1
2,53,77,492,17,129,90,118,311,490,491,76,292,431,492,405,316,429,256,27,1
2,54,502,254,210,442,234,471,130,7,52,228,276,439,499,388,495,153,449,80,1
2,55,186,6,180,207,120,295,314,378,392,19,102,511,438,456,378,451,471,515,1
2,56,132,206,147,13,453,505,340,519,57,502,376,505,536,479,449,333,375,417,1
2,57,491,290,305,203,112,291,508,132,354,214,224,470,502,367,252,483,207,156,1
2,58,264,435,327,33,397,148,491,463,199,425,120,361,414,482,9,443,526,372,1
2,59,303,517,20,122,151,313,532,330,122,271,304,479,409,421,194,270,22,455,0
2,60,60,374,216,463,479,297,200,377,348,465,526,519,496,494,100,230,71,282,1
2,61,373,260,341,215,443,53,10,361,533,264,169,458,377,392,470,365,169,45,1
2,62,177,110,251,157,407,8,283,289,233,410,21,461,433,483,490,194,403,74,1
2,63,309,215,240,504,516,217,510,414,420,224,95,444,537,391,183,288,104,107,1
2,64,517,185,480,141,502,323,162,532,336,111,174,433,462,396,104,85,310,174,1
2,65,511,430,257,65,94,534,244,207,488,299,306,538,394,445,199,304,152,25,1
2,66,59,180,488,54,34,343,29,178,247,52,326,500,523,420,119,323,480,2,1
2,67,280,235,126,70,66,156,412,356,508,11,261,456,497,520,54,25,380,136,1
2,68,253,137,154,440,302,409,271,398,457,397,106,400,387,526,28,79,479,293,1
2,69,153,87,98,133,119,465,286,202,86,318,43,454,442,462,161,245,510,307,1
2,70,17,534,326,40,240,412,81,186,318,382,74,480,531,362,208,256,230,439,1
2,71,14,284,267,484,261,400,42,501,187,158,510,517,518,393,83,366,463,503,1
2,72,420,446,220,450,197,145,523,304,157,200,39,384,519,524,228,377,247,30,0
2,73,446,360,45,369,153,422,215,237,54,443,98,417,493,454,157,312,506,357,1
2,74,395,56,308,456,458,333,303,22,213,475,66,367,464,385,390,261,62,422,1
2,75,381,402,537,47,29,15,455,113,43,211,216,392,363,413,223,117,397,510,1
2,76,221,53,139,267,12,469,173,460,522,458,144,535,451,472,175,142,12,375,1
2,77,213,101,491,534,54,483,521,295,190,421,225,374,444,430,126,238,344,331,1
2,78,464,67,289,102,244,55,281,40,346,366,148,462,510,368,462,517,20,169,1
2,79,152,216,342,86,188,432,430,512,229,459,17,424,432,400,33,112,65,229,1
2,80,485,458,336,488,385,493,182,90,416,454,86,375,485,484,186,35,179,312,1
2,81,278,268,511,10,206,181,232,513,108,246,461,521,423,459,270,425,92,193,1
2,82,137,281,174,252,133,162,352,319,494,12,34,432,407,418,413,492,95,249,1
2,83,293,115,165,260,231,112,297,200,166,108,46,526,521,536,88,426,518,148,1
2,84,379,246,26,116,128,106,154,482,220,262,63,446,504,469,15,501,234,482,1
2,85,363,397,461,92,312,435,194,234,80,302,402,489,535,468,217,463,141,116,1
2,86,498,308,443,425,290,196,397,368,159,241,400,440,481,408,480,320,159,537,1
2,87,459,537,313,366,286,99,216,190,168,516,363,506,509,366,336,354,134,379,0
2,88,88,272,354,230,508,446,187,42,184,131,412,448,524,373,422,14,332,182,1
2,89,171,401,350,294,224,417,513,214,371,97,335,397,424,419,212,54,459,248,1
2,90,106,59,377,245,536,282,349,145,504,115,437,377,486,442,414,127,307,399,1
2,91,390,340,484,178,105,133,0,248,236,480,505,437,503,439,51,339,190,60,1
2,92,96,103,397,152,100,75,221,335,304,337,366,523,428,441,5,499,384,146,1
2,93,272,208,198,477,179,175,255,117,255,26,244,457,385,532,130,9,68,19,1
2,94,426,369,156,276,357,325,482,287,309,83,61,455,370,485,162,326,81,441,1
2,95,140,343,21,221,361,122,293,256,455,253,198,423,520,480,251,163,483,315,1
2,96,507,405,380,524,346,306,104,87,260,359,478,468,461,523,286,52,500,127,0
2,97,433,196,62,313,174,526,463,317,517,118,494,510,532,432,246,252,393,129,1
2,98,218,237,437,62,447,309,370,483,197,175,220,410,379,450,261,487,416,120,1
2,99,116,84,347,500,486,92,50,25,452,282,51,371,465,433,256,536,305,44,1
2,100,10,325,30,79,200,381,488,195,435,54,392,376,460,511,114,191,287,133,1
2,101,333,177,388,363,354,337,459,219,193,304,205,387,472,464,339,527,107,262,1
2,102,359,194,404,167,17,423,99,345,471,417,328,443,429,539,2,149,111,235,1
2,103,35,166,11,298,404,340,443,232,423,524,284,539,459,527,432,448,436,270,1
2,104,412,304,433,271,42,318,384,204,17,225,1,438,517,379,389,357,33,171,1
2,105,141,432,116,437,294,72,57,265,502,354,369,427,412,360,394,67,53,12,1
2,106,165,5,77,147,53,455,517,225,222,322,214,490,378,501,536,109,372,51,1
2,107,23,0,227,400,414,11,147,323,34,165,186,373,528,416,342,182,254,98,1
2,108,294,113,191,257,500,212,439,410,207,38,389,491,408,522,70,5,73,219,1
2,109,91,231,151,285,123,387,140,374,174,511,25,515,373,412,301,510,418,464,1
2,110,486,131,81,362,110,266,377,535,271,444,301,536,386,387,293,217,529,266,1
2,111,41,155,253,196,375,96,484,504,377,345,273,532,448,513,484,188,390,151,1
2,112,526,301,258,283,410,522,23,453,357,30,362,528,514,475,466,414,313,260,1
2,113,184,212,108,467,147,38,452,250,244,296,13,420,478,382,444,220,238,139,1
2,114,6,90,390,480,143,69,228,309,466,34,76,497,419,446,189,29,184,278,1
2,115,469,159,101,4,279,305,116,104,360,403,237,471,474,515,361,103,87,33,1
2,116,324,443,208,189,505,372,121,69,462,314,407,531,538,510,310,374,523,487,1
2,117,117,506,171,192,208,354,185,180,284,169,536,492,421,465,396,120,495,118,1
2,118,248,43,282,100,343,386,474,387,408,504,123,463,401,489,410,105,205,394,1
2,119,400,335,519,26,511,515,277,65,308,269,416,406,482,395,195,47,154,476,0
2,120,300,299,500,395,351,135,504,83,155,340,451,426,388,470,280,465,422,461,1
2,121,439,162,383,53,96,63,374,524,438,46,253,465,484,521,324,224,450,309,1
2,122,249,488,80,473,451,88,445,53,285,7,465,445,400,534,472,173,295,423,1
2,123,113,30,429,375,216,59,365,442,173,231,320,473,494,496,260,2,6,499,1
2,124,51,323,472,411,48,20,390,34,537,464,197,495,371,376,383,145,100,431,1
2,125,230,449,311,455,61,281,327,307,27,497,229,409,515,467,22,471,125,8,1
2,126,473,169,439,16,445,183,457,80,529,190,539,381,453,537,349,537,11,256,1
2,127,108,274,186,409,392,221,436,97,351,39,316,467,427,495,386,125,96,391,1
2,128,148,219,418,521,330,244,414,216,48,203,289,393,512,538,245,532,165,81,1
2,129,67,390,394,75,273,248,238,184,241,493,55,527,534,428,454,299,487,521,1
2,130,122,39,514,231,438,271,222,32,60,44,99,435,395,455,80,412,438,491,1
2,131,290,223,413,418,246,278,61,349,332,535,88,415,418,498,492,508,130,222,1
2,132,532,127,132,324,333,178,380,466,387,57,182,407,507,369,18,478,37,493,1
2,133,162,331,294,306,7,431,191,275,372,499,246,493,420,528,431,520,346,298,1
2,134,30,83,362,349,184,357,34,18,24,256,309,459,539,443,108,88,348,507,1
2,135,366,347,463,374,271,21,337,479,340,234,259,460,445,375,488,392,76,383,1
2,136,234,37,214,289,2,350,465,124,427,49,533,434,452,508,365,42,173,63,1
2,137,19,439,465,105,252,202,500,431,315,126,438,475,425,447,515,275,509,208,1
2,138,174,263,367,119,82,289,80,537,139,439,113,418,406,518,242,23,4,104,1
2,139,341,119,423,448,428,94,389,371,514,483,154,477,398,427,539,19,531,85,1
2,140,351,525,48,88,21,186,65,417,104,80,136,451,396,364,499,332,158,523,1
2,141,268,225,63,210,249,84,169,297,444,487,352,411,466,491,13,185,493,427,1
2,142,50,70,89,216,434,452,357,446,137,392,161,472,450,473,274,438,503,505,1
2,143,467,382,497,163,520,377,167,10,163,23,38,487,468,417,283,328,86,452,1
2,144,158,465,291,327,19,161,263,424,128,489,454,486,491,380,77,114,212,268,1
2,145,322,521,274,358,65,532,265,38,68,162,49,464,488,370,40,17,302,434,1
2,146,79,171,204,83,308,114,246,46,478,216,231,484,501,453,90,497,316,355,1
2,147,284,491,534,390,75,346,13,516,99,416,380,383,480,425,506,204,194,347,0
2,148,204,60,316,139,497,362,334,148,394,361,162,474,479,434,403,97,491,336,1
2,149,95,64,320,333,430,254,205,500,401,434,8,496,391,435,96,138,187,295,1
2,150,534,158,170,537,420,66,97,421,322,385,476,422,372,424,68,389,538,226,1
2,151,36,425,330,145,400,238,31,450,65,387,184,442,397,487,38,170,401,238,1
2,152,192,278,2,36,140,42,195,115,397,144,483,396,477,410,313,49,241,447,1
2,153,286,142,84,344,484,249,118,426,430,275,281,499,471,361,141,475,203,21,1
2,154,314,415,179,19,166,367,94,142,201,179,490,390,526,463,400,131,45,215,0
2,155,343,358,401,493,264,45,141,395,123,311,177,368,489,507,295,315,180,536,1
2,156,297,46,42,311,39,35,479,27,88,238,429,408,529,438,165,225,176,142,1
2,157,425,124,12,251,336,287,25,14,495,401,202,509,362,531,239,404,370,388,1
2,158,406,502,103,123,419,269,494,278,47,250,359,412,467,390,438,381,0,92,1
2,159,315,120,516,98,297,406,76,252,536,435,470,398,500,414,145,480,336,436,1
2,160,330,285,278,415,291,378,176,107,98,16,128,498,435,486,425,156,475,457,1
2,161,195,496,121,73,161,50,67,161,254,286,264,364,360,505,84,307,126,531,1
2,162,144,175,531,475,26,528,537,49,82,374,157,522,483,449,150,81,465,66,1
2,163,416,368,508,187,310,224,535,222,418,276,109,502,411,519,50,338,274,242,1
2,164,124,76,384,160,213,213,203,162,510,449,132,372,490,444,426,268,59,279,1
2,165,455,474,144,315,86,365,422,165,363,478,118,441,366,506,510,398,322,385,0
2,166,222,132,4,502,482,231,110,281,112,122,332,389,440,458,290,409,195,365,1
2,167,45,378,223,184,172,394,106,300,182,171,445,513,449,389,63,258,283,191,1
2,168,161,230,365,238,5,330,112,75,277,519,393,452,513,437,528,161,231,206,1
2,169,529,242,123,338,475,508,152,448,275,293,497,483,384,409,112,421,407,36,1
2,170,232,95,131,302,73,0,241,135,10,65,354,450,506,398,307,92,269,108,1
2,171,307,384,448,433,284,235,72,268,460,280,321,402,525,477,407,133,224,112,1
2,172,505,363,333,198,460,3,267,407,130,363,340,385,392,478,435,37,470,478,0
2,173,168,336,201,32,210,457,55,0,22,183,29,401,475,377,479,401,199,195,1
2,174,103,244,163,8,374,538,346,328,147,328,211,370,473,384,335,39,39,527,1
2,175,356,265,72,222,46,192,258,17,216,150,207,520,437,422,181,309,328,398,1
2,176,493,455,280,49,182,481,530,365,142,431,191,503,393,440,277,437,320,76,0
2,177,259,508,414,513,103,61,402,284,469,104,449,360,383,461,107,468,249,351,1
2,178,3,420,468,380,530,225,383,94,144,411,236,494,498,394,60,197,108,288,1
2,179,328,17,322,429,79,204,249,228,30,259,166,399,365,512,523,250,410,411,1
2,87,459,537,313,366,286,99,216,190,168,516,363,506,509,366,336,354,134,379,0
1,115,43,109,416,76,11,90,305,176,223,506,238,74,248,340,1,20,35,397,0
0,133,377,404,73,485,198,326,274,418,362,342,164,284,339,87,534,284,34,416,0
2,154,314,415,179,19,166,367,94,142,201,179,490,390,526,463,400,131,45,215,0
0,84,527,321,166,531,150,486,410,110,303,407,466,252,199,118,448,28,527,272,0
1,3,488,469,363,111,253,518,136,320,470,47,382,13,126,91,412,143,513,528,0
2,87,459,537,313,366,286,99,216,190,168,516,363,506,509,366,336,354,134,379,0
0,168,479,454,159,515,480,312,83,477,202,303,68,201,72,77,257,45,133,223,0
1,25,399,475,211,30,62,10,132,364,91,273,274,182,289,199,79,184,64,495,0
0,94,414,467,52,52,275,110,426,428,63,509,140,98,277,268,219,506,97,419,0
0,94,414,467,52,52,275,110,426,428,63,509,140,98,277,268,219,506,97,419,0
1,36,530,528,50,64,499,126,307,408,129,160,507,36,147,260,19,110,72,446,0
2,43,456,329,451,241,527,153,469,59,226,308,516,425,487,401,220,287,135,99,0
2,96,507,405,380,524,346,306,104,87,260,359,478,468,461,523,286,52,500,127,0
1,36,530,528,50,64,499,126,307,408,129,160,507,36,147,260,19,110,72,446,0
0,43,364,487,520,412,342,410,117,137,358,198,404,336,344,151,531,516,261,111,0
1,15,474,366,176,190,106,230,199,403,203,356,242,153,221,93,451,244,99,390,0
0,12,518,526,462,330,332,190,450,51,125,515,311,282,191,63,294,44,395,287,0
1,36,530,528,50,64,499,126,307,408,129,160,507,36,147,260,19,110,72,446,0
2,165,455,474,144,315,86,365,422,165,363,478,118,441,366,506,510,398,322,385,0
1,124,522,346,357,204,247,316,381,242,485,529,518,315,340,31,473,347,121,161,0
2,72,420,446,220,450,197,145,523,304,157,200,39,384,519,524,228,377,247,30,0
0,12,518,526,462,330,332,190,450,51,125,515,311,282,191,63,294,44,395,287,0
1,3,488,469,363,111,253,518,136,320,470,47,382,13,126,91,412,143,513,528,0
2,5,345,388,503,235,202,165,423,74,483,60,173,388,416,474,134,136,335,483,0
0,108,492,480,435,410,371,142,243,155,334,145,411,264,284,61,180,363,129,42,0
1,15,474,366,176,190,106,230,199,403,203,356,242,153,221,93,451,244,99,390,0
2,165,455,474,144,315,86,365,422,165,363,478,118,441,366,506,510,398,322,385,0
1,39,490,294,447,140,340,39,181,15,143,70,469,78,208,97,225,137,216,22,0
1,97,410,524,24,199,50,495,470,235,305,170,75,173,238,15,373,242,385,69,0
2,147,284,491,534,390,75,346,13,516,99,416,380,383,480,425,506,204,194,347,0
1,111,423,481,432,532,114,436,142,523,77,400,209,25,337,81,306,26,202,55,0
0,153,471,516,275,91,242,253,92,209,443,79,14,53,297,290,526,169,265,130,0
0,133,377,404,73,485,198,326,274,418,362,342,164,284,339,87,534,284,34,416,0
2,165,455,474,144,315,86,365,422,165,363,478,118,441,366,506,510,398,322,385,0
0,43,364,487,520,412,342,410,117,137,358,198,404,336,344,151,531,516,261,111,0
2,59,303,517,20,122,151,313,532,330,122,271,304,479,409,421,194,270,22,455,0
0,77,489,456,18,206,348,502,21,296,118,498,190,298,311,30,198,290,46,147,0
1,3,488,469,363,111,253,518,136,320,470,47,382,13,126,91,412,143,513,528,0
0,85,255,529,138,7,299,299,313,499,252,415,493,66,302,102,489,249,342,11,0
2,87,459,537,313,366,286,99,216,190,168,516,363,506,509,366,336,354,134,379,0
0,163,461,259,366,355,326,331,227,39,534,474,159,287,113,53,93,139,110,500,0
0,48,393,422,517,29,228,102,415,484,509,375,6,304,97,114,197,395,240,1,0
1,39,490,294,447,140,340,39,181,15,143,70,469,78,208,97,225,137,216,22,0
0,116,535,330,109,124,25,93,180,497,235,6,347,194,224,100,370,15,516,319,0
0,85,255,529,138,7,299,299,313,499,252,415,493,66,302,102,489,249,342,11,0
1,91,516,398,82,265,168,49,119,413,121,283,189,338,237,280,179,496,137,259,0
0,12,518,526,462,330,332,190,450,51,125,515,311,282,191,63,294,44,395,287,0
0,176,337,440,87,259,412,44,8,227,369,528,53,175,231,65,58,210,306,392,0
1,111,423,481,432,532,114,436,142,523,77,400,209,25,337,81,306,26,202,55,0
0,77,489,456,18,206,348,502,21,296,118,498,190,298,311,30,198,290,46,147,0
2,165,455,474,144,315,86,365,422,165,363,478,118,441,366,506,510,398,322,385,0
0,84,527,321,166,531,150,486,410,110,303,407,466,252,199,118,448,28,527,272,0
2,26,336,512,300,352,259,501,324,359,132,89,272,504,516,460,204,279,339,325,0
0,116,535,330,109,124,25,93,180,497,235,6,347,194,224,100,370,15,516,319,0
0,154,398,356,260,391,529,226,315,36,238,155,302,185,209,7,121,128,63,75,0
2,43,456,329,451,241,527,153,469,59,226,308,516,425,487,401,220,287,135,99,0
2,96,507,405,380,524,346,306,104,87,260,359,478,468,461,523,286,52,500,127,0
0,48,393,422,517,29,228,102,415,484,509,375,6,304,97,114,197,395,240,1,0
0,12,518,526,462,330,332,190,450,51,125,515,311,282,191,63,294,44,395,287,0
0,62,332,400,421,18,131,80,218,506,33,18,342,115,357,147,209,297,245,135,0
2,147,284,491,534,390,75,346,13,516,99,416,380,383,480,425,506,204,194,347,0
0,48,393,422,517,29,228,102,415,484,509,375,6,304,97,114,197,395,240,1,0
1,115,43,109,416,76,11,90,305,176,223,506,238,74,248,340,1,20,35,397,0
0,163,461,259,366,355,326,331,227,39,534,474,159,287,113,53,93,139,110,500,0
1,91,516,398,82,265,168,49,119,413,121,283,189,338,237,280,179,496,137,259,0
2,165,455,474,144,315,86,365,422,165,363,478,118,441,366,506,510,398,322,385,0
2,16,515,315,234,180,304,28,226,62,249,371,457,533,511,502,153,76,381,203,0
0,92,524,372,283,43,56,426,434,339,321,156,223,235,315,28,308,345,366,535,0
2,43,456,329,451,241,527,153,469,59,226,308,516,425,487,401,220,287,135,99,0
0,116,535,330,109,124,25,93,180,497,235,6,347,194,224,100,370,15,516,319,0
1,135,344,339,68,367,44,137,146,33,61,473,528,326,292,193,291,336,482,338,0
0,133,377,404,73,485,198,326,274,418,362,342,164,284,339,87,534,284,34,416,0
0,84,527,321,166,531,150,486,410,110,303,407,466,252,199,118,448,28,527,272,0
0,116,535,330,109,124,25,93,180,497,235,6,347,194,224,100,370,15,516,319,0
1,25,399,475,211,30,62,10,132,364,91,273,274,182,289,199,79,184,64,495,0
2,96,507,405,380,524,346,306,104,87,260,359,478,468,461,523,286,52,500,127,0
1,3,488,469,363,111,253,518,136,320,470,47,382,13,126,91,412,143,513,528,0
0,153,471,516,275,91,242,253,92,209,443,79,14,53,297,290,526,169,265,130,0
2,172,505,363,333,198,460,3,267,407,130,363,340,385,392,478,435,37,470,478,0
0,163,461,259,366,355,326,331,227,39,534,474,159,287,113,53,93,139,110,500,0
1,36,530,528,50,64,499,126,307,408,129,160,507,36,147,260,19,110,72,446,0
1,91,516,398,82,265,168,49,119,413,121,283,189,338,237,280,179,496,137,259,0
1,39,490,294,447,140,340,39,181,15,143,70,469,78,208,97,225,137,216,22,0
2,172,505,363,333,198,460,3,267,407,130,363,340,385,392,478,435,37,470,478,0
2,119,400,335,519,26,511,515,277,65,308,269,416,406,482,395,195,47,154,476,0
1,115,43,109,416,76,11,90,305,176,223,506,238,74,248,340,1,20,35,397,0
0,133,377,404,73,485,198,326,274,418,362,342,164,284,339,87,534,284,34,416,0
2,172,505,363,333,198,460,3,267,407,130,363,340,385,392,478,435,37,470,478,0
0,0,463,501,135,161,91,397,231,306,256,132,56,312,359,160,166,464,430,468,0
1,39,490,294,447,140,340,39,181,15,143,70,469,78,208,97,225,137,216,22,0
0,77,489,456,18,206,348,502,21,296,118,498,190,298,311,30,198,290,46,147,0
0,85,255,529,138,7,299,299,313,499,252,415,493,66,302,102,489,249,342,11,0
1,36,530,528,50,64,499,126,307,408,129,160,507,36,147,260,19,110,72,446,0
0,0,463,501,135,161,91,397,231,306,256,132,56,312,359,160,166,464,430,468,0
2,165,455,474,144,315,86,365,422,165,363,478,118,441,366,506,510,398,322,385,0
0,84,527,321,166,531,150,486,410,110,303,407,466,252,199,118,448,28,527,272,0
1,36,530,528,50,64,499,126,307,408,129,160,507,36,147,260,19,110,72,446,0
0,94,414,467,52,52,275,110,426,428,63,509,140,98,277,268,219,506,97,419,0
0,154,398,356,260,391,529,226,315,36,238,155,302,185,209,7,121,128,63,75,0
0,84,527,321,166,531,150,486,410,110,303,407,466,252,199,118,448,28,527,272,0
2,26,336,512,300,352,259,501,324,359,132,89,272,504,516,460,204,279,339,325,0
2,26,336,512,300,352,259,501,324,359,132,89,272,504,516,460,204,279,339,325,0
2,5,345,388,503,235,202,165,423,74,483,60,173,388,416,474,134,136,335,483,0
0,57,519,468,235,37,78,107,378,197,520,69,371,349,8,123,53,111,1,511,0
2,147,284,491,534,390,75,346,13,516,99,416,380,383,480,425,506,204,194,347,0
2,87,459,537,313,366,286,99,216,190,168,516,363,506,509,366,336,354,134,379,0
2,119,400,335,519,26,511,515,277,65,308,269,416,406,482,395,195,47,154,476,0
1,111,423,481,432,532,114,436,142,523,77,400,209,25,337,81,306,26,202,55,0
0,77,489,456,18,206,348,502,21,296,118,498,190,298,311,30,198,290,46,147,0
0,85,255,529,138,7,299,299,313,499,252,415,493,66,302,102,489,249,342,11,0
0,84,527,321,166,531,150,486,410,110,303,407,466,252,199,118,448,28,527,272,0
0,108,492,480,435,410,371,142,243,155,334,145,411,264,284,61,180,363,129,42,0
2,16,515,315,234,180,304,28,226,62,249,371,457,533,511,502,153,76,381,203,0
2,5,345,388,503,235,202,165,423,74,483,60,173,388,416,474,134,136,335,483,0
1,25,399,475,211,30,62,10,132,364,91,273,274,182,289,199,79,184,64,495,0
1,36,530,528,50,64,499,126,307,408,129,160,507,36,147,260,19,110,72,446,0
2,59,303,517,20,122,151,313,532,330,122,271,304,479,409,421,194,270,22,455,0
2,26,336,512,300,352,259,501,324,359,132,89,272,504,516,460,204,279,339,325,0
2,165,455,474,144,315,86,365,422,165,363,478,118,441,366,506,510,398,322,385,0
2,96,507,405,380,524,346,306,104,87,260,359,478,468,461,523,286,52,500,127,0
1,15,474,366,176,190,106,230,199,403,203,356,242,153,221,93,451,244,99,390,0
1,97,410,524,24,199,50,495,470,235,305,170,75,173,238,15,373,242,385,69,0
2,26,336,512,300,352,259,501,324,359,132,89,272,504,516,460,204,279,339,325,0
0,0,463,501,135,161,91,397,231,306,256,132,56,312,359,160,166,464,430,468,0
2,26,336,512,300,352,259,501,324,359,132,89,272,504,516,460,204,279,339,325,0
2,59,303,517,20,122,151,313,532,330,122,271,304,479,409,421,194,270,22,455,0
0,116,535,330,109,124,25,93,180,497,235,6,347,194,224,100,370,15,516,319,0
0,43,364,487,520,412,342,410,117,137,358,198,404,336,344,151,531,516,261,111,0
0,0,463,501,135,161,91,397,231,306,256,132,56,312,359,160,166,464,430,468,0
0,57,519,468,235,37,78,107,378,197,520,69,371,349,8,123,53,111,1,511,0
1,91,516,398,82,265,168,49,119,413,121,283,189,338,237,280,179,496,137,259,0
0,116,535,330,109,124,25,93,180,497,235,6,347,194,224,100,370,15,516,319,0
2,87,459,537,313,366,286,99,216,190,168,516,363,506,509,366,336,354,134,379,0
1,97,410,524,24,199,50,495,470,235,305,170,75,173,238,15,373,242,385,69,0
0,85,255,529,138,7,299,299,313,499,252,415,493,66,302,102,489,249,342,11,0
0,133,377,404,73,485,198,326,274,418,362,342,164,284,339,87,534,284,34,416,0
0,133,377,404,73,485,198,326,274,418,362,342,164,284,339,87,534,284,34,416,0
1,91,516,398,82,265,168,49,119,413,121,283,189,338,237,280,179,496,137,259,0
2,147,284,491,534,390,75,346,13,516,99,416,380,383,480,425,506,204,194,347,0
0,114,468,490,417,378,183,74,41,182,42,105,23,273,186,243,399,525,312,267,0
1,159,306,511,222,224,377,111,186,462,282,154,42,335,230,48,521,66,298,534,0
2,87,459,537,313,366,286,99,216,190,168,516,363,506,509,366,336,354,134,379,0
1,159,306,511,222,224,377,111,186,462,282,154,42,335,230,48,521,66,298,534,0
0,48,393,422,517,29,228,102,415,484,509,375,6,304,97,114,197,395,240,1,0
1,124,522,346,357,204,247,316,381,242,485,529,518,315,340,31,473,347,121,161,0
2,59,303,517,20,122,151,313,532,330,122,271,304,479,409,421,194,270,22,455,0
1,25,399,475,211,30,62,10,132,364,91,273,274,182,289,199,79,184,64,495,0
2,87,459,537,313,366,286,99,216,190,168,516,363,506,509,366,336,354,134,379,0
2,172,505,363,333,198,460,3,267,407,130,363,340,385,392,478,435,37,470,478,0
0,133,377,404,73,485,198,326,274,418,362,342,164,284,339,87,534,284,34,416,0
2,154,314,415,179,19,166,367,94,142,201,179,490,390,526,463,400,131,45,215,0
1,115,43,109,416,76,11,90,305,176,223,506,238,74,248,340,1,20,35,397,0
2,43,456,329,451,241,527,153,469,59,226,308,516,425,487,401,220,287,135,99,0
0,114,468,490,417,378,183,74,41,182,42,105,23,273,186,243,399,525,312,267,0
1,159,306,511,222,224,377,111,186,462,282,154,42,335,230,48,521,66,298,534,0
0,77,489,456,18,206,348,502,21,296,118,498,190,298,311,30,198,290,46,147,0
1,15,474,366,176,190,106,230,199,403,203,356,242,153,221,93,451,244,99,390,0
1,111,423,481,432,532,114,436,142,523,77,400,209,25,337,81,306,26,202,55,0
0,12,518,526,462,330,332,190,450,51,125,515,311,282,191,63,294,44,395,287,0
2,147,284,491,534,390,75,346,13,516,99,416,380,383,480,425,506,204,194,347,0
2,172,505,363,333,198,460,3,267,407,130,363,340,385,392,478,435,37,470,478,0
0,62,332,400,421,18,131,80,218,506,33,18,342,115,357,147,209,297,245,135,0
1,111,423,481,432,532,114,436,142,523,77,400,209,25,337,81,306,26,202,55,0
1,111,423,481,432,532,114,436,142,523,77,400,209,25,337,81,306,26,202,55,0
2,165,455,474,144,315,86,365,422,165,363,478,118,441,366,506,510,398,322,385,0
2,165,455,474,144,315,86,365,422,165,363,478,118,441,366,506,510,398,322,385,0
0,176,337,440,87,259,412,44,8,227,369,528,53,175,231,65,58,210,306,392,0
1,124,522,346,357,204,247,316,381,242,485,529,518,315,340,31,473,347,121,161,0
0,94,414,467,52,52,275,110,426,428,63,509,140,98,277,268,219,506,97,419,0
1,111,423,481,432,532,114,436,142,523,77,400,209,25,337,81,306,26,202,55,0
1,39,490,294,447,140,340,39,181,15,143,70,469,78,208,97,225,137,216,22,0
2,87,459,537,313,366,286,99,216,190,168,516,363,506,509,366,336,354,134,379,0
2,5,345,388,503,235,202,165,423,74,483,60,173,388,416,474,134,136,335,483,0
0,0,463,501,135,161,91,397,231,306,256,132,56,312,359,160,166,464,430,468,0
1,97,410,524,24,199,50,495,470,235,305,170,75,173,238,15,373,242,385,69,0
0,114,468,490,417,378,183,74,41,182,42,105,23,273,186,243,399,525,312,267,0
2,119,400,335,519,26,511,515,277,65,308,269,416,406,482,395,195,47,154,476,0
0,43,364,487,520,412,342,410,117,137,358,198,404,336,344,151,531,516,261,111,0
2,87,459,537,313,366,286,99,216,190,168,516,363,506,509,366,336,354,134,379,0
0,62,332,400,421,18,131,80,218,506,33,18,342,115,357,147,209,297,245,135,0
0,84,527,321,166,531,150,486,410,110,303,407,466,252,199,118,448,28,527,272,0
1,97,410,524,24,199,50,495,470,235,305,170,75,173,238,15,373,242,385,69,0
0,85,255,529,138,7,299,299,313,499,252,415,493,66,302,102,489,249,342,11,0
2,59,303,517,20,122,151,313,532,330,122,271,304,479,409,421,194,270,22,455,0
2,5,345,388,503,235,202,165,423,74,483,60,173,388,416,474,134,136,335,483,0
2,147,284,491,534,390,75,346,13,516,99,416,380,383,480,425,506,204,194,347,0
2,165,455,474,144,315,86,365,422,165,363,478,118,441,366,506,510,398,322,385,0
1,36,530,528,50,64,499,126,307,408,129,160,507,36,147,260,19,110,72,446,0
0,133,377,404,73,485,198,326,274,418,362,342,164,284,339,87,534,284,34,416,0
1,159,306,511,222,224,377,111,186,462,282,154,42,335,230,48,521,66,298,534,0
1,159,306,511,222,224,377,111,186,462,282,154,42,335,230,48,521,66,298,534,0
1,36,530,528,50,64,499,126,307,408,129,160,507,36,147,260,19,110,72,446,0
2,119,400,335,519,26,511,515,277,65,308,269,416,406,482,395,195,47,154,476,0
0,108,492,480,435,410,371,142,243,155,334,145,411,264,284,61,180,363,129,42,0
2,87,459,537,313,366,286,99,216,190,168,516,363,506,509,366,336,354,134,379,0
0,12,518,526,462,330,332,190,450,51,125,515,311,282,191,63,294,44,395,287,0
0,43,364,487,520,412,342,410,117,137,358,198,404,336,344,151,531,516,261,111,0
2,59,303,517,20,122,151,313,532,330,122,271,304,479,409,421,194,270,22,455,0
0,154,398,356,260,391,529,226,315,36,238,155,302,185,209,7,121,128,63,75,0
0,12,518,526,462,330,332,190,450,51,125,515,311,282,191,63,294,44,395,287,0
0,12,518,526,462,330,332,190,450,51,125,515,311,282,191,63,294,44,395,287,0
1,111,423,481,432,532,114,436,142,523,77,400,209,25,337,81,306,26,202,55,0
1,25,399,475,211,30,62,10,132,364,91,273,274,182,289,199,79,184,64,495,0
2,59,303,517,20,122,151,313,532,330,122,271,304,479,409,421,194,270,22,455,0
1,159,306,511,222,224,377,111,186,462,282,154,42,335,230,48,521,66,298,534,0
2,5,345,388,503,235,202,165,423,74,483,60,173,388,416,474,134,136,335,483,0
0,0,463,501,135,161,91,397,231,306,256,132,56,312,359,160,166,464,430,468,0
0,168,479,454,159,515,480,312,83,477,202,303,68,201,72,77,257,45,133,223,0
0,12,518,526,462,330,332,190,450,51,125,515,311,282,191,63,294,44,395,287,0
2,165,455,474,144,315,86,365,422,165,363,478,118,441,366,506,510,398,322,385,0
1,91,516,398,82,265,168,49,119,413,121,283,189,338,237,280,179,496,137,259,0
1,159,306,511,222,224,377,111,186,462,282,154,42,335,230,48,521,66,298,534,0
0,62,332,400,421,18,131,80,218,506,33,18,342,115,357,147,209,297,245,135,0
1,159,306,511,222,224,377,111,186,462,282,154,42,335,230,48,521,66,298,534,0
0,48,393,422,517,29,228,102,415,484,509,375,6,304,97,114,197,395,240,1,0
0,94,414,467,52,52,275,110,426,428,63,509,140,98,277,268,219,506,97,419,0
0,154,398,356,260,391,529,226,315,36,238,155,302,185,209,7,121,128,63,75,0
2,72,420,446,220,450,197,145,523,304,157,200,39,384,519,524,228,377,247,30,0
1,36,530,528,50,64,499,126,307,408,129,160,507,36,147,260,19,110,72,446,0
0,57,519,468,235,37,78,107,378,197,520,69,371,349,8,123,53,111,1,511,0
2,16,515,315,234,180,304,28,226,62,249,371,457,533,511,502,153,76,381,203,0
0,62,332,400,421,18,131,80,218,506,33,18,342,115,357,147,209,297,245,135,0
1,15,474,366,176,190,106,230,199,403,203,356,242,153,221,93,451,244,99,390,0
0,94,414,467,52,52,275,110,426,428,63,509,140,98,277,268,219,506,97,419,0
0,153,471,516,275,91,242,253,92,209,443,79,14,53,297,290,526,169,265,130,0
2,5,345,388,503,235,202,165,423,74,483,60,173,388,416,474,134,136,335,483,0
0,85,255,529,138,7,299,299,313,499,252,415,493,66,302,102,489,249,342,11,0
0,62,332,400,421,18,131,80,218,506,33,18,342,115,357,147,209,297,245,135,0
0,153,471,516,275,91,242,253,92,209,443,79,14,53,297,290,526,169,265,130,0
1,115,43,109,416,76,11,90,305,176,223,506,238,74,248,340,1,20,35,397,0
0,43,364,487,520,412,342,410,117,137,358,198,404,336,344,151,531,516,261,111,0
0,176,337,440,87,259,412,44,8,227,369,528,53,175,231,65,58,210,306,392,0
2,43,456,329,451,241,527,153,469,59,226,308,516,425,487,401,220,287,135,99,0
0,168,479,454,159,515,480,312,83,477,202,303,68,201,72,77,257,45,133,223,0
1,91,516,398,82,265,168,49,119,413,121,283,189,338,237,280,179,496,137,259,0
0,43,364,487,520,412,342,410,117,137,358,198,404,336,344,151,531,516,261,111,0
0,168,479,454,159,515,480,312,83,477,202,303,68,201,72,77,257,45,133,223,0
0,176,337,440,87,259,412,44,8,227,369,528,53,175,231,65,58,210,306,392,0
1,159,306,511,222,224,377,111,186,462,282,154,42,335,230,48,521,66,298,534,0
0,77,489,456,18,206,348,502,21,296,118,498,190,298,311,30,198,290,46,147,0
2,119,400,335,519,26,511,515,277,65,308,269,416,406,482,395,195,47,154,476,0
2,5,345,388,503,235,202,165,423,74,483,60,173,388,416,474,134,136,335,483,0
2,96,507,405,380,524,346,306,104,87,260,359,478,468,461,523,286,52,500,127,0
2,87,459,537,313,366,286,99,216,190,168,516,363,506,509,366,336,354,134,379,0
0,163,461,259,366,355,326,331,227,39,534,474,159,287,113,53,93,139,110,500,0
2,96,507,405,380,524,346,306,104,87,260,359,478,468,461,523,286,52,500,127,0
0,0,463,501,135,161,91,397,231,306,256,132,56,312,359,160,166,464,430,468,0
0,94,414,467,52,52,275,110,426,428,63,509,140,98,277,268,219,506,97,419,0
1,111,423,481,432,532,114,436,142,523,77,400,209,25,337,81,306,26,202,55,0
1,39,490,294,447,140,340,39,181,15,143,70,469,78,208,97,225,137,216,22,0
1,25,399,475,211,30,62,10,132,364,91,273,274,182,289,199,79,184,64,495,0
1,135,344,339,68,367,44,137,146,33,61,473,528,326,292,193,291,336,482,338,0
1,124,522,346,357,204,247,316,381,242,485,529,518,315,340,31,473,347,121,161,0
2,147,284,491,534,390,75,346,13,516,99,416,380,383,480,425,506,204,194,347,0
2,26,336,512,300,352,259,501,324,359,132,89,272,504,516,460,204,279,339,325,0
0,77,489,456,18,206,348,502,21,296,118,498,190,298,311,30,198,290,46,147,0
0,153,471,516,275,91,242,253,92,209,443,79,14,53,297,290,526,169,265,130,0
1,91,516,398,82,265,168,49,119,413,121,283,189,338,237,280,179,496,137,259,0
0,12,518,526,462,330,332,190,450,51,125,515,311,282,191,63,294,44,395,287,0
0,0,463,501,135,161,91,397,231,306,256,132,56,312,359,160,166,464,430,468,0
0,108,492,480,435,410,371,142,243,155,334,145,411,264,284,61,180,363,129,42,0
0,57,519,468,235,37,78,107,378,197,520,69,371,349,8,123,53,111,1,511,0
2,59,303,517,20,122,151,313,532,330,122,271,304,479,409,421,194,270,22,455,0
1,159,306,511,222,224,377,111,186,462,282,154,42,335,230,48,521,66,298,534,0
0,85,255,529,138,7,299,299,313,499,252,415,493,66,302,102,489,249,342,11,0
2,119,400,335,519,26,511,515,277,65,308,269,416,406,482,395,195,47,154,476,0
2,26,336,512,300,352,259,501,324,359,132,89,272,504,516,460,204,279,339,325,0
0,168,479,454,159,515,480,312,83,477,202,303,68,201,72,77,257,45,133,223,0
0,153,471,516,275,91,242,253,92,209,443,79,14,53,297,290,526,169,265,130,0
0,43,364,487,520,412,342,410,117,137,358,198,404,336,344,151,531,516,261,111,0
0,176,337,440,87,259,412,44,8,227,369,528,53,175,231,65,58,210,306,392,0
1,36,530,528,50,64,499,126,307,408,129,160,507,36,147,260,19,110,72,446,0
2,5,345,388,503,235,202,165,423,74,483,60,173,388,416,474,134,136,335,483,0
1,36,530,528,50,64,499,126,307,408,129,160,507,36,147,260,19,110,72,446,0
0,94,414,467,52,52,275,110,426,428,63,509,140,98,277,268,219,506,97,419,0
0,84,527,321,166,531,150,486,410,110,303,407,466,252,199,118,448,28,527,272,0
2,43,456,329,451,241,527,153,469,59,226,308,516,425,487,401,220,287,135,99,0
2,72,420,446,220,450,197,145,523,304,157,200,39,384,519,524,228,377,247,30,0
2,96,507,405,380,524,346,306,104,87,260,359,478,468,461,523,286,52,500,127,0
0,176,337,440,87,259,412,44,8,227,369,528,53,175,231,65,58,210,306,392,0
2,26,336,512,300,352,259,501,324,359,132,89,272,504,516,460,204,279,339,325,0
1,39,490,294,447,140,340,39,181,15,143,70,469,78,208,97,225,137,216,22,0
2,26,336,512,300,352,259,501,324,359,132,89,272,504,516,460,204,279,339,325,0
1,39,490,294,447,140,340,39,181,15,143,70,469,78,208,97,225,137,216,22,0
1,115,43,109,416,76,11,90,305,176,223,506,238,74,248,340,1,20,35,397,0
0,163,461,259,366,355,326,331,227,39,534,474,159,287,113,53,93,139,110,500,0
2,176,493,455,280,49,182,481,530,365,142,431,191,503,393,440,277,437,320,76,0
0,163,461,259,366,355,326,331,227,39,534,474,159,287,113,53,93,139,110,500,0
0,12,518,526,462,330,332,190,450,51,125,515,311,282,191,63,294,44,395,287,0
2,26,336,512,300,352,259,501,324,359,132,89,272,504,516,460,204,279,339,325,0
0,153,471,516,275,91,242,253,92,209,443,79,14,53,297,290,526,169,265,130,0
2,119,400,335,519,26,511,515,277,65,308,269,416,406,482,395,195,47,154,476,0
2,43,456,329,451,241,527,153,469,59,226,308,516,425,487,401,220,287,135,99,0
2,5,345,388,503,235,202,165,423,74,483,60,173,388,416,474,134,136,335,483,0
0,48,393,422,517,29,228,102,415,484,509,375,6,304,97,114,197,395,240,1,0
2,5,345,388,503,235,202,165,423,74,483,60,173,388,416,474,134,136,335,483,0
0,116,535,330,109,124,25,93,180,497,235,6,347,194,224,100,370,15,516,319,0
1,3,488,469,363,111,253,518,136,320,470,47,382,13,126,91,412,143,513,528,0
0,176,337,440,87,259,412,44,8,227,369,528,53,175,231,65,58,210,306,392,0
0,84,527,321,166,531,150,486,410,110,303,407,466,252,199,118,448,28,527,272,0
0,77,489,456,18,206,348,502,21,296,118,498,190,298,311,30,198,290,46,147,0
0,43,364,487,520,412,342,410,117,137,358,198,404,336,344,151,531,516,261,111,0
0,154,398,356,260,391,529,226,315,36,238,155,302,185,209,7,121,128,63,75,0
2,5,345,388,503,235,202,165,423,74,483,60,173,388,416,474,134,136,335,483,0
0,108,492,480,435,410,371,142,243,155,334,145,411,264,284,61,180,363,129,42,0
1,15,474,366,176,190,106,230,199,403,203,356,242,153,221,93,451,244,99,390,0
1,15,474,366,176,190,106,230,199,403,203,356,242,153,221,93,451,244,99,390,0
2,176,493,455,280,49,182,481,530,365,142,431,191,503,393,440,277,437,320,76,0
1,124,522,346,357,204,247,316,381,242,485,529,518,315,340,31,473,347,121,161,0
2,72,420,446,220,450,197,145,523,304,157,200,39,384,519,524,228,377,247,30,0
2,72,420,446,220,450,197,145,523,304,157,200,39,384,519,524,228,377,247,30,0
2,172,505,363,333,198,460,3,267,407,130,363,340,385,392,478,435,37,470,478,0
0,84,527,321,166,531,150,486,410,110,303,407,466,252,199,118,448,28,527,272,0
1,97,410,524,24,199,50,495,470,235,305,170,75,173,238,15,373,242,385,69,0
1,97,410,524,24,199,50,495,470,235,305,170,75,173,238,15,373,242,385,69,0
2,16,515,315,234,180,304,28,226,62,249,371,457,533,511,502,153,76,381,203,0
1,3,488,469,363,111,253,518,136,320,470,47,382,13,126,91,412,143,513,528,0
1,124,522,346,357,204,247,316,381,242,485,529,518,315,340,31,473,347,121,161,0
2,5,345,388,503,235,202,165,423,74,483,60,173,388,416,474,134,136,335,483,0
1,111,423,481,432,532,114,436,142,523,77,400,209,25,337,81,306,26,202,55,0
2,5,345,388,503,235,202,165,423,74,483,60,173,388,416,474,134,136,335,483,0
0,57,519,468,235,37,78,107,378,197,520,69,371,349,8,123,53,111,1,511,0
0,168,479,454,159,515,480,312,83,477,202,303,68,201,72,77,257,45,133,223,0
0,48,393,422,517,29,228,102,415,484,509,375,6,304,97,114,197,395,240,1,0
2,26,336,512,300,352,259,501,324,359,132,89,272,504,516,460,204,279,339,325,0
0,154,398,356,260,391,529,226,315,36,238,155,302,185,209,7,121,128,63,75,0
2,165,455,474,144,315,86,365,422,165,363,478,118,441,366,506,510,398,322,385,0
1,111,423,481,432,532,114,436,142,523,77,400,209,25,337,81,306,26,202,55,0
1,124,522,346,357,204,247,316,381,242,485,529,518,315,340,31,473,347,121,161,0
1,115,43,109,416,76,11,90,305,176,223,506,238,74,248,340,1,20,35,397,0
2,176,493,455,280,49,182,481,530,365,142,431,191,503,393,440,277,437,320,76,0
0,62,332,400,421,18,131,80,218,506,33,18,342,115,357,147,209,297,245,135,0
2,26,336,512,300,352,259,501,324,359,132,89,272,504,516,460,204,279,339,325,0
2,119,400,335,519,26,511,515,277,65,308,269,416,406,482,395,195,47,154,476,0
2,59,303,517,20,122,151,313,532,330,122,271,304,479,409,421,194,270,22,455,0
1,36,530,528,50,64,499,126,307,408,129,160,507,36,147,260,19,110,72,446,0
1,115,43,109,416,76,11,90,305,176,223,506,238,74,248,340,1,20,35,397,0
2,176,493,455,280,49,182,481,530,365,142,431,191,503,393,440,277,437,320,76,0
1,135,344,339,68,367,44,137,146,33,61,473,528,326,292,193,291,336,482,338,0
2,26,336,512,300,352,259,501,324,359,132,89,272,504,516,460,204,279,339,325,0
2,5,345,388,503,235,202,165,423,74,483,60,173,388,416,474,134,136,335,483,0
1,3,488,469,363,111,253,518,136,320,470,47,382,13,126,91,412,143,513,528,0
1,159,306,511,222,224,377,111,186,462,282,154,42,335,230,48,521,66,298,534,0
1,25,399,475,211,30,62,10,132,364,91,273,274,182,289,199,79,184,64,495,0
2,5,345,388,503,235,202,165,423,74,483,60,173,388,416,474,134,136,335,483,0
0,43,364,487,520,412,342,410,117,137,358,198,404,336,344,151,531,516,261,111,0
0,163,461,259,366,355,326,331,227,39,534,474,159,287,113,53,93,139,110,500,0
1,39,490,294,447,140,340,39,181,15,143,70,469,78,208,97,225,137,216,22,0
2,147,284,491,534,390,75,346,13,516,99,416,380,383,480,425,506,204,194,347,0
1,135,344,339,68,367,44,137,146,33,61,473,528,326,292,193,291,336,482,338,0
0,43,364,487,520,412,342,410,117,137,358,198,404,336,344,151,531,516,261,111,0
2,96,507,405,380,524,346,306,104,87,260,359,478,468,461,523,286,52,500,127,0
2,176,493,455,280,49,182,481,530,365,142,431,191,503,393,440,277,437,320,76,0
1,36,530,528,50,64,499,126,307,408,129,160,507,36,147,260,19,110,72,446,0
1,159,306,511,222,224,377,111,186,462,282,154,42,335,230,48,521,66,298,534,0
1,15,474,366,176,190,106,230,199,403,203,356,242,153,221,93,451,244,99,390,0
1,25,399,475,211,30,62,10,132,364,91,273,274,182,289,199,79,184,64,495,0
0,12,518,526,462,330,332,190,450,51,125,515,311,282,191,63,294,44,395,287,0
1,97,410,524,24,199,50,495,470,235,305,170,75,173,238,15,373,242,385,69,0
2,147,284,491,534,390,75,346,13,516,99,416,380,383,480,425,506,204,194,347,0
0,12,518,526,462,330,332,190,450,51,125,515,311,282,191,63,294,44,395,287,0
1,91,516,398,82,265,168,49,119,413,121,283,189,338,237,280,179,496,137,259,0
0,154,398,356,260,391,529,226,315,36,238,155,302,185,209,7,121,128,63,75,0
2,96,507,405,380,524,346,306,104,87,260,359,478,468,461,523,286,52,500,127,0
2,5,345,388,503,235,202,165,423,74,483,60,173,388,416,474,134,136,335,483,0
0,85,255,529,138,7,299,299,313,499,252,415,493,66,302,102,489,249,342,11,0
2,154,314,415,179,19,166,367,94,142,201,179,490,390,526,463,400,131,45,215,0
2,87,459,537,313,366,286,99,216,190,168,516,363,506,509,366,336,354,134,379,0
1,115,43,109,416,76,11,90,305,176,223,506,238,74,248,340,1,20,35,397,0
2,147,284,491,534,390,75,346,13,516,99,416,380,383,480,425,506,204,194,347,0
1,91,516,398,82,265,168,49,119,413,121,283,189,338,237,280,179,496,137,259,0
2,26,336,512,300,352,259,501,324,359,132,89,272,504,516,460,204,279,339,325,0
1,39,490,294,447,140,340,39,181,15,143,70,469,78,208,97,225,137,216,22,0
1,36,530,528,50,64,499,126,307,408,129,160,507,36,147,260,19,110,72,446,0
0,114,468,490,417,378,183,74,41,182,42,105,23,273,186,243,399,525,312,267,0
0,77,489,456,18,206,348,502,21,296,118,498,190,298,311,30,198,290,46,147,0
2,43,456,329,451,241,527,153,469,59,226,308,516,425,487,401,220,287,135,99,0
2,172,505,363,333,198,460,3,267,407,130,363,340,385,392,478,435,37,470,478,0
0,176,337,440,87,259,412,44,8,227,369,528,53,175,231,65,58,210,306,392,0
0,0,463,501,135,161,91,397,231,306,256,132,56,312,359,160,166,464,430,468,0
0,84,527,321,166,531,150,486,410,110,303,407,466,252,199,118,448,28,527,272,0
2,176,493,455,280,49,182,481,530,365,142,431,191,503,393,440,277,437,320,76,0
0,153,471,516,275,91,242,253,92,209,443,79,14,53,297,290,526,169,265,130,0
0,116,535,330,109,124,25,93,180,497,235,6,347,194,224,100,370,15,516,319,0
0,108,492,480,435,410,371,142,243,155,334,145,411,264,284,61,180,363,129,42,0
1,25,399,475,211,30,62,10,132,364,91,273,274,182,289,199,79,184,64,495,0
0,133,377,404,73,485,198,326,274,418,362,342,164,284,339,87,534,284,34,416,0
1,111,423,481,432,532,114,436,142,523,77,400,209,25,337,81,306,26,202,55,0
2,16,515,315,234,180,304,28,226,62,249,371,457,533,511,502,153,76,381,203,0
0,12,518,526,462,330,332,190,450,51,125,515,311,282,191,63,294,44,395,287,0
1,159,306,511,222,224,377,111,186,462,282,154,42,335,230,48,521,66,298,534,0
1,25,399,475,211,30,62,10,132,364,91,273,274,182,289,199,79,184,64,495,0
1,15,474,366,176,190,106,230,199,403,203,356,242,153,221,93,451,244,99,390,0
1,39,490,294,447,140,340,39,181,15,143,70,469,78,208,97,225,137,216,22,0
1,15,474,366,176,190,106,230,199,403,203,356,242,153,221,93,451,244,99,390,0
1,15,474,366,176,190,106,230,199,403,203,356,242,153,221,93,451,244,99,390,0
2,147,284,491,534,390,75,346,13,516,99,416,380,383,480,425,506,204,194,347,0
0,62,332,400,421,18,131,80,218,506,33,18,342,115,357,147,209,297,245,135,0
0,133,377,404,73,485,198,326,274,418,362,342,164,284,339,87,534,284,34,416,0
2,154,314,415,179,19,166,367,94,142,201,179,490,390,526,463,400,131,45,215,0
2,59,303,517,20,122,151,313,532,330,122,271,304,479,409,421,194,270,22,455,0
2,5,345,388,503,235,202,165,423,74,483,60,173,388,416,474,134,136,335,483,0
0,84,527,321,166,531,150,486,410,110,303,407,466,252,199,118,448,28,527,272,0
2,165,455,474,144,315,86,365,422,165,363,478,118,441,366,506,510,398,322,385,0
2,165,455,474,144,315,86,365,422,165,363,478,118,441,366,506,510,398,322,385,0
0,57,519,468,235,37,78,107,378,197,520,69,371,349,8,123,53,111,1,511,0
2,87,459,537,313,366,286,99,216,190,168,516,363,506,509,366,336,354,134,379,0
0,48,393,422,517,29,228,102,415,484,509,375,6,304,97,114,197,395,240,1,0
0,62,332,400,421,18,131,80,218,506,33,18,342,115,357,147,209,297,245,135,0
2,172,505,363,333,198,460,3,267,407,130,363,340,385,392,478,435,37,470,478,0
1,159,306,511,222,224,377,111,186,462,282,154,42,335,230,48,521,66,298,534,0
1,124,522,346,357,204,247,316,381,242,485,529,518,315,340,31,473,347,121,161,0
2,26,336,512,300,352,259,501,324,359,132,89,272,504,516,460,204,279,339,325,0
2,96,507,405,380,524,346,306,104,87,260,359,478,468,461,523,286,52,500,127,0
0,153,471,516,275,91,242,253,92,209,443,79,14,53,297,290,526,169,265,130,0
0,114,468,490,417,378,183,74,41,182,42,105,23,273,186,243,399,525,312,267,0
2,147,284,491,534,390,75,346,13,516,99,416,380,383,480,425,506,204,194,347,0
1,124,522,346,357,204,247,316,381,242,485,529,518,315,340,31,473,347,121,161,0
0,168,479,454,159,515,480,312,83,477,202,303,68,201,72,77,257,45,133,223,0
0,154,398,356,260,391,529,226,315,36,238,155,302,185,209,7,121,128,63,75,0
0,168,479,454,159,515,480,312,83,477,202,303,68,201,72,77,257,45,133,223,0
1,111,423,481,432,532,114,436,142,523,77,400,209,25,337,81,306,26,202,55,0
1,91,516,398,82,265,168,49,119,413,121,283,189,338,237,280,179,496,137,259,0
2,59,303,517,20,122,151,313,532,330,122,271,304,479,409,421,194,270,22,455,0
1,91,516,398,82,265,168,49,119,413,121,283,189,338,237,280,179,496,137,259,0
1,25,399,475,211,30,62,10,132,364,91,273,274,182,289,199,79,184,64,495,0
0,85,255,529,138,7,299,299,313,499,252,415,493,66,302,102,489,249,342,11,0
0,108,492,480,435,410,371,142,243,155,334,145,411,264,284,61,180,363,129,42,0
0,0,463,501,135,161,91,397,231,306,256,132,56,312,359,160,166,464,430,468,0
0,0,463,501,135,161,91,397,231,306,256,132,56,312,359,160,166,464,430,468,0
2,16,515,315,234,180,304,28,226,62,249,371,457,533,511,502,153,76,381,203,0
1,159,306,511,222,224,377,111,186,462,282,154,42,335,230,48,521,66,298,534,0
1,39,490,294,447,140,340,39,181,15,143,70,469,78,208,97,225,137,216,22,0
2,96,507,405,380,524,346,306,104,87,260,359,478,468,461,523,286,52,500,127,0
2,172,505,363,333,198,460,3,267,407,130,363,340,385,392,478,435,37,470,478,0
0,0,463,501,135,161,91,397,231,306,256,132,56,312,359,160,166,464,430,468,0
0,153,471,516,275,91,242,253,92,209,443,79,14,53,297,290,526,169,265,130,0
2,87,459,537,313,366,286,99,216,190,168,516,363,506,509,366,336,354,134,379,0
0,57,519,468,235,37,78,107,378,197,520,69,371,349,8,123,53,111,1,511,0
1,15,474,366,176,190,106,230,199,403,203,356,242,153,221,93,451,244,99,390,0
1,115,43,109,416,76,11,90,305,176,223,506,238,74,248,340,1,20,35,397,0
0,43,364,487,520,412,342,410,117,137,358,198,404,336,344,151,531,516,261,111,0
0,108,492,480,435,410,371,142,243,155,334,145,411,264,284,61,180,363,129,42,0
1,91,516,398,82,265,168,49,119,413,121,283,189,338,237,280,179,496,137,259,0
0,153,471,516,275,91,242,253,92,209,443,79,14,53,297,290,526,169,265,130,0
2,59,303,517,20,122,151,313,532,330,122,271,304,479,409,421,194,270,22,455,0
1,15,474,366,176,190,106,230,199,403,203,356,242,153,221,93,451,244,99,390,0
