col1,col2,col3,col4,col5,col6,col7,col8,col9,col10,col11,col12,col13,col14,col15,col16,col17,col18,class
20,15,36,71,25,8,48,16,3,41,45,164,72,11,6,16,11,16,3
16,8,37,34,10,7,35,19,2,25,39,116,46,13,9,14,13,18,3
29,17,57,102,19,8,92,6,6,40,90,313,108,14,14,9,12,15,2
18,8,35,52,16,7,30,20,2,25,29,95,15,4,6,10,23,26,3
10,11,23,98,32,19,35,19,2,26,106,111,76,37,9,11,4,2,0
32,24,57,65,3,4,124,0,11,51,123,417,141,26,5,9,5,2,0
22,10,26,66,18,4,39,16,2,25,45,147,60,7,13,1,24,23,0
15,10,20,50,18,7,23,22,1,28,31,71,52,8,3,3,17,21,3
11,1,16,33,14,5,9,28,0,9,10,25,1,5,2,14,24,27,3
18,11,50,90,15,9,68,10,5,28,69,238,40,5,4,14,19,23,2
11,3,23,36,14,7,19,24,1,12,22,58,15,7,2,10,18,21,3
15,1,20,29,8,4,10,28,0,0,17,26,7,6,5,26,20,21,2
13,13,27,64,21,4,38,17,2,30,49,135,80,12,5,11,13,14,0
14,9,38,37,11,8,38,18,2,26,42,131,49,13,8,13,11,16,3
19,16,32,96,24,3,60,11,4,36,65,217,94,12,6,2,21,18,0
21,22,54,94,18,7,89,6,6,48,94,305,131,15,6,2,10,13,1
14,3,6,2,5,4,5,31,0,11,6,12,13,21,2,14,5,4,3
24,8,30,90,22,4,63,10,4,21,69,231,39,13,4,10,22,18,0
29,21,51,79,14,8,101,5,7,55,92,354,108,15,5,11,9,14,2
26,23,51,108,22,8,93,6,7,51,94,325,111,15,6,5,10,12,1
9,14,28,46,17,4,40,17,2,27,44,140,72,16,0,3,9,11,0
9,4,8,14,12,3,10,29,0,7,10,23,21,23,7,1,3,2,3
19,10,18,66,22,5,36,17,2,24,38,130,65,9,9,1,23,25,0
12,6,23,41,14,5,29,20,1,18,33,93,29,10,1,2,16,18,0
24,20,56,112,19,9,89,6,6,47,88,304,112,9,0,6,15,20,2
10,12,33,47,17,7,33,19,2,30,38,110,62,12,1,4,12,18,3
8,3,9,12,10,4,14,27,1,7,12,34,27,23,6,3,3,2,2
32,21,50,96,18,9,103,5,8,49,96,361,104,13,1,28,11,18,2
27,12,38,86,17,4,77,7,5,28,84,272,51,17,6,7,19,12,0
5,5,17,22,8,5,32,20,2,12,37,100,46,24,9,20,4,4,2
14,10,38,53,17,9,41,17,2,33,42,142,62,13,5,9,9,15,3
13,9,30,44,11,6,26,21,1,24,34,81,46,5,10,11,22,24,2
18,2,20,47,12,4,28,20,1,10,31,90,9,5,5,13,21,21,1
26,15,58,115,21,8,93,6,7,36,99,319,92,11,5,37,14,21,1
12,5,38,70,14,6,50,14,3,11,55,180,18,4,1,25,22,24,1
25,13,43,65,20,7,43,17,3,32,39,149,72,8,17,7,16,19,3
7,11,25,11,5,5,38,18,2,29,43,126,65,23,2,2,4,4,0
15,15,39,131,34,18,39,18,2,38,120,132,88,35,0,15,9,13,3
31,20,50,69,7,8,101,5,7,53,101,357,106,15,1,9,11,16,2
6,12,21,62,26,4,37,18,2,28,42,122,74,16,7,0,7,8,0
20,15,55,107,20,7,90,6,6,33,94,308,90,15,5,9,10,12,1
13,4,6,1,5,3,6,31,0,10,4,13,13,27,8,16,3,2,3
19,16,40,30,7,9,44,17,3,44,47,152,74,16,5,5,7,13,3
18,4,29,76,16,6,50,14,3,16,60,182,27,8,4,7,16,16,2
43,21,57,113,18,10,98,5,7,49,90,343,118,7,20,1,16,21,2
18,13,35,38,11,9,45,17,3,42,49,157,77,18,2,4,7,13,3
16,10,23,26,8,6,16,25,1,28,28,46,44,11,1,8,14,13,3
10,9,20,15,7,4,34,20,2,23,41,103,62,29,6,14,4,1,0
14,14,34,40,17,9,42,18,3,45,39,138,76,17,6,13,8,12,3
16,12,32,69,12,7,49,14,3,30,53,181,67,3,0,10,23,27,2
3,5,17,8,4,4,28,21,2,12,31,87,34,18,2,4,5,4,2
17,5,24,67,19,5,40,17,2,15,50,141,18,11,4,24,13,14,2
23,22,52,121,23,7,95,5,7,50,102,331,130,13,1,6,12,16,1
26,9,16,68,20,4,35,17,2,21,38,127,53,6,7,11,26,28,0
26,23,55,78,6,4,126,0,11,50,121,416,116,24,5,26,4,3,0
19,3,20,44,14,6,19,24,1,17,23,57,8,3,9,3,25,27,3
22,11,49,88,16,7,70,10,5,26,69,242,53,7,4,8,15,18,2
14,14,37,26,8,9,43,18,3,42,38,140,64,15,5,9,6,11,3
32,20,54,114,19,9,94,6,7,45,89,326,100,7,0,1,15,20,1
10,6,21,12,5,3,14,27,1,17,17,36,30,16,8,8,6,6,3
28,17,50,105,16,7,78,8,5,43,81,271,73,5,5,5,22,23,1
2,5,17,28,12,3,16,26,1,12,14,41,27,20,13,21,7,6,1
21,7,23,13,3,6,23,24,1,23,31,60,27,21,10,13,7,2,3
8,9,20,49,20,5,36,19,2,26,43,119,47,19,4,2,6,7,0
18,12,39,94,22,5,69,9,5,27,70,249,71,13,0,4,18,16,0
14,8,28,36,9,5,32,20,2,19,39,103,44,17,18,5,8,7,1
6,10,21,18,10,6,35,20,2,28,38,109,60,24,6,18,3,3,0
23,22,52,112,22,9,110,4,8,60,98,395,104,15,6,14,11,14,1
11,11,31,57,21,7,28,20,1,29,37,91,59,11,1,11,14,20,3
23,16,37,112,27,5,75,8,5,36,75,266,97,15,4,7,19,14,0
21,22,50,54,7,8,100,5,7,57,93,351,109,17,3,6,9,12,1
22,26,59,120,23,9,109,4,8,64,92,391,106,11,10,25,10,17,1
17,6,44,84,15,6,62,11,4,19,65,218,39,8,3,23,16,19,1
0,4,8,4,7,4,12,29,1,10,4,28,35,23,1,15,0,3,1
14,9,42,40,14,9,37,18,2,27,39,124,51,13,11,23,11,18,3
26,20,54,96,16,7,80,8,5,44,77,273,98,9,5,5,15,17,1
16,6,36,63,13,6,58,12,4,16,66,206,40,13,0,10,12,13,2
11,7,16,33,15,5,36,19,2,15,34,116,61,23,2,3,4,4,2
29,19,47,101,19,3,93,5,7,43,94,335,106,17,11,4,17,10,0
14,11,21,6,3,5,36,19,2,29,40,114,77,29,6,5,3,1,0
12,13,24,52,19,4,37,18,2,28,44,129,77,14,2,0,10,9,0
24,18,45,96,18,3,94,5,7,41,99,340,102,19,5,11,15,8,0
19,3,21,20,7,5,13,26,1,14,24,37,5,7,1,2,19,15,3
4,7,33,26,8,5,33,21,2,17,41,97,32,17,8,30,5,12,1
14,7,29,81,29,5,36,18,2,18,43,128,36,13,3,8,17,16,0
35,25,57,73,4,4,128,0,11,53,122,422,137,24,9,13,5,1,0
14,8,37,34,11,7,35,19,2,27,41,116,50,13,4,18,12,19,3
11,4,14,8,7,3,6,30,0,14,10,15,17,13,2,8,10,9,3
16,9,37,102,28,4,57,12,3,20,58,207,49,10,3,12,20,20,0
5,4,11,9,8,4,11,28,1,7,11,29,20,22,8,5,2,3,1
29,22,58,115,21,9,103,5,7,55,99,366,115,12,3,10,12,18,2
19,5,37,51,8,7,55,13,3,12,65,199,43,10,9,15,14,14,1
29,19,51,84,12,7,82,7,6,40,85,281,119,11,10,10,15,17,2
19,15,40,55,17,8,43,17,3,43,48,149,74,16,4,15,8,14,3
9,12,20,47,18,4,31,20,2,26,37,98,65,14,2,3,8,7,0
22,17,59,104,18,8,99,5,7,38,99,351,106,13,7,29,12,16,1
14,9,33,44,15,4,30,20,2,21,35,94,58,15,17,13,9,8,2
11,10,21,45,15,5,36,18,2,24,48,123,52,16,4,9,12,11,0
20,13,56,112,21,7,86,7,6,30,90,292,89,10,5,37,15,21,1
12,11,19,17,9,4,35,20,2,26,39,107,59,28,4,12,3,1,0
7,12,20,130,34,19,34,19,2,26,103,112,73,36,1,1,5,4,0
20,9,38,67,19,7,39,18,2,26,37,133,38,6,11,5,20,23,3
19,9,21,43,17,5,14,26,1,25,23,40,47,10,14,5,16,15,3
17,5,14,23,15,3,1,32,0,14,4,4,25,13,14,5,14,13,3
27,12,36,91,18,3,79,7,5,28,92,278,55,20,0,27,17,10,0
33,20,54,95,17,8,105,4,8,50,91,374,102,14,11,10,12,18,2
24,13,56,102,17,9,82,8,6,34,79,277,47,6,0,33,18,24,1
10,6,30,44,12,6,36,19,2,16,45,117,21,14,0,16,8,12,1
5,11,21,28,12,6,36,19,2,27,39,115,61,21,7,12,4,4,0
24,15,32,92,21,4,70,9,5,35,69,250,59,15,5,8,19,14,0
14,7,30,52,18,7,30,20,2,23,37,100,31,11,0,5,14,19,3
19,15,36,55,17,8,42,17,2,35,46,143,75,15,4,14,9,15,3
2,5,28,37,12,4,33,20,2,14,36,101,24,21,16,20,5,6,1
13,2,5,14,11,3,1,33,0,4,2,2,26,15,21,4,6,6,1
18,10,38,26,7,8,41,18,2,35,43,137,53,16,12,13,8,15,3
20,14,41,55,17,9,45,17,3,39,45,157,73,12,12,13,13,17,3
25,12,51,102,18,6,86,6,6,29,98,298,77,13,5,5,13,14,1
34,20,60,114,22,10,106,5,8,51,93,375,100,13,13,28,12,20,2
10,10,18,21,9,6,36,20,2,26,37,110,61,23,9,14,4,3,0
18,16,32,73,18,5,59,11,4,40,58,216,82,11,5,10,21,21,0
14,4,9,12,6,3,20,24,1,9,20,58,34,20,16,14,8,4,2
15,15,31,35,12,9,46,17,3,42,42,156,73,17,10,11,7,11,3
17,7,35,56,16,7,32,19,2,22,34,105,25,5,9,0,23,25,3
15,3,11,23,10,4,8,30,0,9,6,19,20,9,22,23,14,14,2
10,12,24,43,16,6,29,20,2,29,40,93,67,13,2,3,11,15,3
15,13,33,36,15,9,45,17,3,38,38,152,74,15,17,7,9,12,3
14,9,23,41,15,5,33,19,2,25,45,109,41,17,2,6,10,8,0
10,8,20,48,18,13,35,19,2,21,42,116,43,16,6,16,8,10,0
22,12,41,66,20,8,43,17,3,39,42,151,45,8,8,12,16,19,3
25,15,48,102,21,5,84,6,6,32,83,294,88,14,7,11,16,13,0
25,13,55,77,13,7,82,8,6,29,89,279,86,14,13,13,13,16,2
11,3,30,58,13,5,36,19,2,10,43,117,19,7,0,32,20,22,2
22,9,52,79,12,7,71,10,5,20,75,241,56,8,7,40,18,25,2
23,6,21,14,2,5,20,25,1,24,33,53,22,16,4,1,10,5,3
27,21,51,56,6,8,98,5,7,55,86,338,89,17,12,27,11,14,1
14,14,36,132,35,17,44,17,3,45,96,150,64,33,0,14,8,13,3
11,15,28,29,11,8,47,17,3,45,39,157,73,16,3,1,7,11,3
12,9,18,43,17,8,19,24,1,24,26,56,47,8,7,1,17,20,3
13,4,17,23,11,3,11,28,1,12,10,30,33,15,14,20,8,7,2
16,9,33,55,19,6,34,18,2,27,40,117,35,11,3,5,13,18,3
15,4,33,64,11,7,43,16,3,14,41,159,4,1,3,18,25,28,2
6,9,17,18,8,6,35,20,2,27,35,106,60,27,7,7,3,1,0
31,16,58,87,10,9,99,5,7,43,91,339,60,8,0,38,16,25,1
5,10,21,13,7,6,36,19,2,27,40,115,64,26,4,8,3,2,0
20,12,33,79,15,5,50,14,3,27,57,183,66,6,11,18,23,23,1
28,21,58,111,17,10,107,4,8,56,88,387,87,8,0,18,13,19,1
25,13,38,57,17,9,49,16,3,45,45,169,58,12,18,0,13,15,3
16,7,29,64,20,5,35,18,2,17,38,118,32,9,4,17,16,19,0
15,10,25,65,12,6,40,16,2,26,43,146,46,2,15,9,27,28,2
18,3,18,58,22,6,22,23,1,18,30,69,15,8,2,29,17,23,3
29,17,49,104,18,8,72,9,5,38,74,253,83,6,3,7,19,25,2
19,11,37,109,27,4,69,9,5,27,75,251,42,14,4,22,20,16,0
18,2,25,65,15,5,35,18,2,6,38,120,13,3,5,30,27,29,1
31,16,57,104,17,7,93,6,7,40,91,322,72,9,1,24,14,21,2
14,7,32,47,17,7,30,20,2,21,37,97,37,12,8,7,12,16,3
35,23,54,116,17,3,121,0,10,51,123,414,124,26,4,6,8,2,0
10,3,31,42,8,5,33,19,2,10,37,107,22,5,10,24,21,22,1
18,9,23,24,9,5,13,27,1,27,25,35,40,15,5,4,13,9,3
12,6,27,45,11,4,37,18,2,18,43,123,28,11,1,33,11,15,2
16,12,28,47,10,4,36,18,2,28,39,121,68,7,16,2,17,17,1
7,5,8,18,12,3,19,25,1,10,21,51,34,28,0,0,1,2,1
32,19,52,111,17,9,87,7,6,46,86,297,80,6,17,2,21,25,1
23,6,34,84,17,7,52,14,3,20,53,188,19,3,8,19,21,24,2
10,7,25,32,12,3,18,24,1,17,28,52,38,9,3,9,15,14,2
23,21,55,79,12,8,98,6,7,54,90,334,105,14,1,26,10,14,1
28,21,44,72,10,9,105,5,8,52,87,370,86,13,1,32,10,17,1
17,3,31,58,10,6,39,17,2,10,38,135,12,1,4,19,27,30,2
35,18,55,84,10,10,98,5,7,44,93,342,78,9,18,2,15,18,2
7,12,21,32,17,4,33,20,2,25,38,106,72,21,0,1,5,3,0
23,5,23,18,5,6,16,27,1,21,26,38,20,15,0,13,10,4,3
33,18,54,90,13,9,96,5,7,42,89,331,75,8,7,3,14,19,1
31,21,54,54,0,2,120,1,10,48,117,411,127,26,4,11,5,2,0
19,12,34,59,20,7,31,20,2,29,33,99,67,7,11,14,18,21,3
21,16,50,80,12,4,98,5,7,34,95,348,98,18,8,28,12,8,0
18,15,37,43,16,9,42,18,3,47,40,140,76,14,8,15,9,14,3
13,7,31,79,26,4,44,15,3,16,54,164,36,14,1,11,17,16,0
9,6,43,73,13,5,63,11,4,13,76,220,33,12,4,37,14,17,1
14,11,25,53,19,5,30,20,2,29,35,98,57,10,11,1,15,17,0
18,4,26,67,21,5,37,17,2,13,44,133,23,9,1,22,20,24,0
14,11,23,30,11,4,22,23,1,28,37,64,54,19,10,3,10,6,3
27,21,57,114,21,9,92,6,7,46,95,316,123,12,0,26,13,19,2
3,3,14,9,9,4,10,29,0,6,10,23,10,19,3,16,2,4,1
16,9,20,62,19,5,31,18,2,22,38,111,47,8,4,0,25,26,0
9,2,8,15,10,2,3,33,0,5,4,6,16,17,10,27,7,9,2
28,13,57,102,19,8,88,7,6,31,84,299,98,11,9,10,15,18,2
25,8,28,98,24,3,62,10,4,20,71,227,39,13,7,19,21,16,0
16,9,34,86,22,3,55,12,3,19,53,201,44,9,3,23,22,23,0
23,12,29,59,13,5,43,16,3,30,53,157,74,10,13,10,14,15,1
26,18,56,105,21,8,94,6,7,44,89,326,112,14,5,23,10,14,1
15,3,31,72,17,6,43,16,2,8,51,153,30,7,1,20,16,17,1
22,15,47,91,16,7,67,10,4,37,68,236,77,5,20,11,23,22,1
12,7,34,55,21,8,32,20,2,21,36,103,45,11,0,13,13,18,3
18,10,29,42,10,5,35,18,2,25,41,121,64,10,14,0,13,13,2
32,22,50,92,12,5,118,1,9,50,112,408,130,21,3,1,10,3,0
17,4,39,60,13,5,44,16,3,13,50,159,32,9,9,21,14,15,2
11,10,20,23,9,5,38,18,2,24,46,126,61,22,6,14,5,4,0
32,23,55,123,24,9,104,5,8,54,93,368,105,12,19,11,13,15,2
7,11,25,43,17,5,40,18,2,26,50,136,65,21,0,16,7,6,0
6,13,24,23,9,5,39,18,2,31,41,128,79,22,3,14,4,5,0
7,11,25,29,14,5,33,20,2,25,42,103,71,22,6,17,5,4,0
18,14,38,56,19,9,42,18,3,40,41,141,66,15,7,15,7,14,3
15,3,27,64,13,6,43,16,2,10,46,153,11,2,6,21,21,23,2
36,21,54,64,3,9,106,4,8,54,94,386,89,10,15,6,14,17,1
28,22,51,87,15,9,97,5,7,57,84,335,107,14,10,14,11,13,1
14,7,12,30,11,5,9,28,0,22,15,27,38,4,7,4,23,25,3
12,14,34,42,15,7,33,19,2,34,40,111,69,13,0,6,12,17,3
17,13,32,69,17,6,48,15,3,31,52,177,66,8,2,10,15,17,1
10,9,18,14,8,5,35,20,2,28,36,109,60,26,1,6,3,1,0
11,13,23,42,18,6,35,19,2,28,39,117,73,18,6,6,7,7,0
26,23,51,61,8,9,99,5,7,57,86,349,112,15,2,3,9,11,1
19,6,42,87,15,7,58,12,4,17,60,205,10,4,4,23,25,28,1
11,4,22,43,16,6,24,22,1,16,32,74,12,12,1,6,13,14,3
15,8,24,62,21,5,36,18,2,20,44,122,45,12,3,18,16,16,0
29,16,42,61,7,2,97,5,7,35,104,350,86,19,1,23,14,8,0
14,3,25,34,9,5,24,22,1,8,32,76,18,13,1,1,11,11,1
15,6,39,62,15,5,48,15,3,13,63,170,35,15,1,22,9,10,1
9,11,30,43,12,3,38,18,2,25,44,130,65,18,8,2,7,6,2
29,24,54,109,22,9,104,4,8,58,95,371,107,14,4,3,10,15,1
8,11,21,37,14,6,33,19,2,25,39,111,68,15,1,1,9,10,0
10,6,11,19,9,4,1,32,0,17,3,5,33,5,17,7,21,21,3
24,22,52,99,15,11,107,4,8,62,92,383,101,12,2,3,10,15,1
13,11,38,32,9,9,43,17,3,37,45,149,63,17,5,16,8,14,3
25,17,34,90,20,4,71,8,5,40,73,255,86,15,6,1,21,17,0
6,11,25,32,13,4,39,18,2,28,49,133,66,22,1,15,6,5,0
11,8,20,26,9,4,22,23,1,18,24,65,50,15,5,14,7,8,2
18,8,32,52,16,6,30,20,2,32,34,95,22,8,4,9,19,22,3
32,21,50,103,19,9,103,5,7,51,88,367,104,12,14,0,12,16,2
19,2,20,40,15,7,17,24,1,9,28,50,4,7,8,7,20,20,3
30,21,57,108,21,8,93,6,7,48,84,318,106,10,14,23,13,18,2
11,8,18,41,14,3,36,19,2,20,34,119,61,21,5,8,6,4,2
10,2,3,3,8,1,4,31,0,4,5,9,27,30,5,9,4,3,3
10,0,0,8,10,1,0,34,0,1,0,0,15,27,12,21,5,2,2
6,11,21,13,6,4,37,19,2,29,39,119,66,27,4,5,3,2,0
25,19,55,82,12,8,93,6,7,45,87,320,85,11,1,22,11,17,2
18,9,18,51,21,7,20,23,1,24,32,59,58,12,7,13,16,20,3
15,15,31,27,9,9,46,17,3,49,38,152,73,17,1,14,6,11,3
21,4,27,92,27,3,51,13,3,10,57,192,24,13,1,3,20,19,0
10,12,19,21,9,6,37,19,2,27,39,118,74,22,1,10,3,3,0
25,22,52,82,10,8,107,4,8,59,92,390,99,12,7,17,12,16,1
4,14,27,34,14,5,39,17,2,31,44,135,87,18,6,10,7,8,0
14,3,30,65,15,6,43,16,2,7,43,153,14,4,5,22,22,24,1
18,12,26,57,12,5,45,16,3,28,51,164,76,6,11,15,19,20,1
10,9,13,25,11,5,35,20,2,26,35,106,60,24,8,4,3,1,0
26,22,59,121,22,10,100,5,7,50,96,352,102,12,2,16,12,18,2
10,14,28,14,6,7,43,18,3,47,37,144,64,18,1,7,6,10,3
18,8,28,17,4,5,26,23,1,23,33,74,37,18,5,15,8,4,3
20,3,26,84,26,4,42,15,2,8,53,160,12,12,2,19,23,23,0
16,6,36,69,12,5,55,13,3,14,59,195,30,8,0,24,16,18,2
28,22,54,104,18,9,97,5,7,47,96,341,133,13,5,16,12,15,1
10,1,8,20,11,4,3,32,0,3,6,7,15,11,3,20,9,8,2
20,5,20,19,5,6,19,26,1,22,27,46,28,19,11,8,8,2,3
29,25,54,122,22,9,104,4,8,58,98,377,131,12,7,4,11,15,1
9,11,33,33,11,9,42,18,3,39,35,135,64,15,5,17,7,12,3
19,10,21,63,20,4,28,20,1,24,33,96,65,6,10,8,22,22,0
18,14,38,54,18,10,41,17,2,39,48,140,66,17,2,9,8,15,3
37,17,61,79,9,9,99,5,7,41,99,344,91,12,18,27,15,21,2
16,3,30,50,9,5,41,16,2,8,46,147,11,6,8,15,19,20,2
17,10,22,51,9,5,35,18,2,25,39,119,56,4,14,18,22,22,1
24,15,55,89,16,8,86,7,6,34,88,293,87,14,8,4,12,16,2
23,25,52,101,18,10,111,4,8,63,92,395,104,12,6,1,9,15,1
8,4,9,11,8,2,15,26,1,9,15,39,28,22,4,13,4,3,2
16,6,41,82,16,7,61,12,4,14,66,211,44,10,0,23,15,17,2
14,7,14,24,9,4,5,30,0,19,12,15,41,6,10,8,17,18,3
14,2,23,31,11,5,12,27,0,10,16,33,1,5,4,19,23,26,3
28,16,51,87,13,8,70,9,5,42,69,245,66,3,13,8,22,27,2
5,12,24,21,9,5,37,19,2,29,40,123,64,20,3,16,5,6,0
11,9,19,9,6,4,38,19,2,23,44,121,60,26,5,4,3,2,0
25,13,34,80,14,7,52,14,3,36,58,188,63,4,13,9,22,26,2
11,6,14,33,13,5,6,29,0,16,9,17,29,2,7,8,24,26,3
8,4,16,6,6,4,9,29,0,11,12,20,23,20,0,7,5,4,3
7,12,21,43,22,3,34,19,2,26,38,108,72,21,5,0,5,3,0
18,14,41,93,19,5,59,12,4,33,66,209,93,7,0,3,19,21,2
16,10,41,50,14,7,35,19,2,39,34,112,28,5,1,26,21,26,3
21,12,33,55,16,7,32,20,2,30,30,102,49,5,5,10,23,26,3
32,24,57,72,4,6,126,0,11,54,121,415,118,24,2,20,5,3,0
12,11,23,72,28,4,32,19,2,23,36,112,66,10,6,1,18,20,0
8,13,26,30,12,4,34,19,2,28,36,113,71,16,8,0,9,10,0
11,8,20,22,8,5,21,24,1,18,23,58,53,15,3,4,4,6,1
34,21,60,118,21,9,99,5,7,51,93,343,100,9,11,32,13,21,2
19,4,26,79,24,5,40,16,2,9,40,148,20,8,2,8,21,25,0
25,11,46,86,15,6,71,9,5,29,69,248,39,7,0,2,17,17,1
7,10,26,47,18,5,37,18,2,25,47,127,48,17,5,11,9,8,0
11,13,26,18,10,4,37,19,2,29,39,120,76,23,9,11,4,3,0
41,20,61,123,20,10,102,5,7,47,98,358,110,8,16,28,16,25,2
14,13,30,18,5,8,42,18,3,42,40,137,65,19,7,17,7,10,3
14,15,38,82,17,6,55,13,3,35,57,196,78,5,16,5,19,20,2
8,8,23,48,18,5,30,20,2,23,37,95,35,12,4,12,12,14,0
13,10,37,29,8,9,40,18,2,32,43,136,52,14,6,2,9,15,3
21,14,54,108,22,8,85,7,6,29,87,289,88,14,6,6,11,13,1
13,4,11,25,15,4,21,24,1,7,20,57,32,24,16,16,4,3,2
23,5,20,23,8,5,16,25,1,20,29,44,11,10,3,12,15,13,3
14,12,34,128,31,15,41,18,3,42,68,133,65,31,9,17,7,11,3
12,9,29,52,18,3,41,16,2,20,53,148,45,17,6,12,13,12,0
18,3,17,32,10,6,18,24,1,18,27,52,10,8,3,27,17,20,3
34,22,53,62,4,4,119,1,9,47,116,409,132,25,10,11,8,2,0
15,5,28,57,17,5,37,17,2,13,37,131,27,7,0,0,19,23,0
23,19,39,100,22,3,77,7,5,43,79,272,109,16,4,6,18,14,0
7,4,20,19,7,5,18,26,1,9,17,45,30,13,17,7,7,6,2
16,7,50,85,17,7,63,12,4,17,63,217,53,7,9,35,19,24,2
23,7,30,64,14,4,58,11,4,21,66,211,29,13,4,17,23,20,0
31,20,50,86,13,8,100,5,7,51,91,349,106,14,8,21,12,16,2
18,10,31,59,12,5,37,18,2,23,51,128,62,9,15,2,17,16,1
19,4,25,86,25,4,44,15,2,15,53,168,15,11,0,14,24,23,0
14,3,21,42,13,6,19,24,1,16,22,57,8,3,6,18,25,28,3
10,12,23,23,11,6,37,19,2,28,40,120,75,20,2,5,5,5,0
11,12,26,45,16,4,35,18,2,27,39,121,64,12,6,1,13,15,0
31,15,58,95,14,8,92,6,7,35,94,313,88,11,5,28,14,22,2
32,19,54,79,10,9,99,5,7,44,84,344,77,7,6,5,13,17,1
34,18,51,90,12,8,77,8,5,43,77,264,83,5,14,3,20,21,1
34,15,58,108,15,8,90,6,6,40,89,305,56,6,9,32,19,25,1
15,17,43,81,14,8,67,10,4,40,78,235,108,10,6,19,15,18,2
18,12,36,35,9,8,43,17,3,37,49,150,76,16,1,21,8,16,3
7,8,23,48,17,5,34,19,2,20,41,114,40,13,5,17,11,14,0
21,19,55,115,20,7,83,7,6,45,84,285,113,8,12,20,16,20,1
15,9,17,19,8,5,38,19,2,24,42,122,61,22,0,15,4,3,0
18,7,16,10,2,5,17,26,1,27,29,42,44,19,8,6,8,3,3
16,8,20,24,9,7,12,27,1,26,28,33,43,13,3,10,15,13,3
20,12,56,101,17,8,72,10,5,32,69,247,46,5,7,32,22,30,2
14,4,6,4,7,3,7,30,0,9,7,18,35,23,7,4,5,2,3
27,18,45,87,13,4,105,4,8,44,109,390,97,21,7,7,12,5,0
30,21,51,113,22,8,106,4,8,52,99,379,90,14,0,13,11,18,2
38,24,60,87,9,4,127,0,11,57,126,420,139,26,11,21,6,2,0
12,10,19,20,9,6,35,20,2,25,38,108,59,26,6,3,4,1,0
23,18,49,96,19,8,73,9,5,39,74,256,117,9,10,1,15,18,2
19,5,41,72,13,5,56,13,4,13,57,202,32,7,2,28,19,23,2
7,11,17,16,7,5,37,19,2,29,35,115,73,22,3,4,3,1,0
31,16,49,94,14,8,67,10,4,40,66,236,68,3,19,15,26,28,1
14,11,35,29,7,4,35,19,2,26,39,118,56,9,10,14,12,12,1
18,10,41,63,19,7,36,19,2,29,33,120,31,6,2,17,20,25,3
14,5,33,62,12,5,47,15,3,13,55,171,25,9,5,15,16,16,2
23,11,31,53,16,6,28,21,1,30,29,88,59,4,19,2,25,26,3
29,19,49,81,12,7,73,9,5,43,73,254,93,8,11,8,17,19,1
24,24,60,113,19,9,106,4,8,58,100,384,121,11,10,25,12,19,1
11,9,19,18,7,5,36,19,2,22,40,113,60,26,2,8,4,1,0
32,24,53,77,8,5,113,2,9,53,107,402,115,18,7,11,11,6,0
34,21,54,98,16,9,107,4,8,57,96,381,101,12,6,14,11,19,2
14,11,29,18,7,8,42,18,3,33,32,138,64,17,12,12,8,12,3
24,18,41,81,15,3,88,6,6,40,89,306,107,18,8,26,15,9,0
22,12,44,54,16,8,37,19,2,30,35,120,59,6,18,20,21,24,3
12,8,26,51,17,5,37,18,2,20,44,127,40,14,3,8,14,13,0
14,7,25,48,16,5,32,19,2,17,44,107,33,13,4,10,16,15,0
11,7,28,39,15,4,26,22,1,17,27,79,50,13,3,21,7,9,1
8,4,9,24,14,2,21,24,1,9,21,62,29,26,3,6,4,2,2
27,21,52,83,11,8,107,4,8,53,91,387,91,12,13,6,13,17,1
24,22,52,112,21,8,109,4,8,60,95,393,101,15,11,20,11,15,1
26,21,57,81,10,5,114,2,9,46,111,403,135,22,6,14,9,4,0
42,19,61,121,18,10,97,5,7,45,95,337,108,7,21,25,18,24,2
13,11,30,60,12,4,37,18,2,27,44,129,65,5,9,12,26,27,1
20,11,37,51,15,8,31,20,2,30,32,98,54,5,10,6,23,25,3
14,7,22,40,11,4,18,24,1,19,24,52,39,2,16,6,27,28,1
22,13,52,103,19,6,77,9,5,33,75,262,57,7,1,32,15,19,1
13,5,12,30,13,3,34,20,2,13,32,105,45,27,12,0,4,2,2
16,13,31,41,14,7,33,19,2,34,37,109,87,11,13,11,13,19,3
6,14,22,39,17,4,37,18,2,29,40,126,83,16,5,0,7,7,0
23,17,43,85,16,7,63,11,4,37,64,222,85,6,10,1,17,20,2
18,9,41,81,15,8,68,10,4,23,75,237,56,11,3,12,13,16,1
16,12,29,64,22,5,36,18,2,26,39,126,67,10,12,1,19,20,0
34,16,60,86,12,8,92,6,7,38,92,313,101,11,13,31,15,21,2
12,12,35,57,13,6,42,16,2,26,50,152,62,11,2,2,14,15,1
25,16,49,99,16,7,71,9,5,38,69,246,64,3,3,5,21,24,1
33,19,60,75,8,10,101,5,7,53,96,355,102,13,10,28,13,20,2
26,13,56,88,14,8,83,8,6,32,80,279,83,7,7,37,16,24,2
20,14,34,69,12,5,54,13,3,34,65,194,73,8,4,4,15,17,2
14,14,38,40,11,8,39,18,2,33,44,135,74,15,13,7,10,16,3
12,12,30,46,12,5,40,18,2,27,50,136,60,16,15,14,8,8,1
33,21,56,96,15,9,87,7,6,46,83,296,120,9,12,3,14,19,2
15,14,38,42,13,8,41,17,2,37,48,141,74,16,1,5,9,15,3
7,4,13,27,16,5,21,25,1,10,20,56,31,23,11,24,3,4,2
9,12,21,41,17,4,32,20,2,24,37,103,68,16,5,1,7,6,0
14,14,34,49,10,6,47,15,3,31,56,170,85,13,9,15,11,12,1
21,8,30,70,17,3,63,10,4,16,72,231,36,15,0,4,20,17,0
22,12,25,80,24,3,47,14,3,26,47,178,74,11,7,7,20,22,0
22,14,40,57,17,7,42,17,3,31,42,145,70,9,1,13,16,21,3
21,14,30,97,25,4,53,12,3,32,57,198,70,10,6,16,23,22,0
12,3,8,10,11,2,5,31,0,7,7,11,26,26,9,15,4,2,3
34,19,48,82,11,2,112,3,8,40,113,400,105,23,0,19,11,5,0
29,18,59,86,12,9,102,5,7,45,99,360,91,13,15,22,14,20,2
12,4,14,25,10,4,14,26,1,11,23,38,20,12,1,14,10,11,2
7,3,9,10,6,5,11,28,1,8,15,29,16,19,1,5,4,3,2
30,23,50,102,17,9,102,5,7,55,92,361,104,13,2,19,12,18,1
5,6,14,15,9,4,25,23,1,13,20,71,30,21,0,5,3,5,1
31,21,51,120,20,2,121,1,10,44,123,413,140,29,5,11,6,1,0
6,13,24,34,14,5,39,18,2,30,46,133,78,21,1,14,6,6,0
25,18,60,117,20,7,102,4,7,44,104,367,94,13,6,18,13,18,1
13,11,24,38,9,6,28,22,2,25,28,84,62,9,7,18,12,16,1
19,16,40,52,17,8,43,17,3,40,48,149,91,16,4,0,7,13,3
24,10,42,88,16,6,71,9,5,26,77,248,54,9,6,13,15,18,2
15,14,38,38,11,7,38,18,2,37,44,131,72,14,4,2,10,16,3
19,14,38,133,36,18,41,17,2,37,127,140,75,38,12,9,12,15,3
25,24,58,100,16,9,112,4,8,62,100,397,93,13,6,19,10,17,1
11,9,19,6,3,6,38,19,2,23,38,118,59,26,4,16,3,2,0
16,5,23,53,19,14,26,21,1,21,31,84,18,8,4,11,16,21,3
18,11,43,59,18,8,39,18,2,38,39,134,31,7,9,17,18,22,3
11,14,28,58,21,4,40,17,2,28,45,142,78,15,7,3,12,13,0
15,16,36,80,16,5,62,11,4,36,72,219,110,11,1,2,13,14,2
22,4,29,62,13,6,47,15,3,13,58,173,24,13,0,0,12,11,1
33,24,57,70,4,3,125,0,11,52,124,418,139,28,11,2,6,0,0
14,8,28,55,19,3,39,17,2,18,44,138,42,13,2,0,12,14,0
23,5,23,79,21,4,50,13,3,18,58,186,17,12,3,17,24,22,0
12,9,18,43,17,8,19,24,1,23,26,57,47,8,7,0,17,20,3
32,20,59,106,17,10,91,6,6,45,83,307,90,6,21,22,18,24,2
10,4,33,51,12,6,39,18,2,8,48,134,24,10,6,21,15,16,1
26,19,56,55,6,8,97,5,7,45,93,338,92,15,12,11,10,13,1
21,6,30,53,15,6,26,21,1,32,30,82,12,3,15,3,25,27,3
28,15,52,97,15,10,85,7,6,40,82,286,52,7,8,22,16,21,1
13,7,26,66,21,5,36,18,2,19,43,127,39,10,2,20,20,19,0
5,5,18,23,12,6,20,25,1,8,21,51,23,17,1,23,3,7,1
16,5,28,29,6,4,30,21,2,13,34,91,37,10,1,7,10,10,2
11,12,24,48,19,5,32,19,2,26,36,108,64,13,5,6,13,15,0
11,5,39,68,13,7,56,13,4,16,60,200,26,9,1,28,15,18,2
14,12,30,81,17,7,47,15,3,33,59,172,62,7,4,2,18,20,2
3,3,6,9,9,2,7,31,0,6,4,15,23,25,1,12,1,3,1
5,10,24,26,13,5,36,19,2,28,39,116,64,22,6,15,4,3,0
13,3,31,53,15,4,26,22,1,5,30,77,17,7,4,35,18,21,1
10,12,35,26,9,9,45,17,3,38,39,148,61,17,10,21,7,12,3
26,20,59,77,7,10,101,5,7,54,87,353,75,9,4,24,14,20,1
14,11,23,51,17,4,27,21,1,25,33,87,61,7,9,11,17,18,0
21,3,27,76,23,4,35,17,2,9,47,127,15,10,0,17,25,24,0
12,10,23,62,25,5,38,18,2,27,46,127,59,17,6,12,8,6,0
18,1,25,37,9,4,19,24,1,5,27,55,13,4,5,20,24,25,2
21,6,12,10,4,4,19,26,1,21,23,48,38,27,6,0,5,1,3
23,15,52,88,14,9,92,5,6,34,94,324,81,12,5,7,13,15,1
15,1,20,51,12,5,26,21,1,6,34,86,6,2,1,3,25,26,2
10,12,23,13,7,5,35,19,2,27,38,112,74,22,8,4,5,3,0
16,8,46,90,18,7,68,10,4,19,69,237,41,7,11,24,17,19,1
14,3,22,35,10,5,21,24,1,8,23,58,16,7,3,36,17,22,1
31,20,50,96,16,9,105,4,8,49,95,373,102,12,10,24,12,16,1
11,5,42,69,12,7,55,13,3,14,59,197,36,8,7,33,17,21,1
37,17,55,90,11,9,93,6,7,41,90,317,74,8,15,22,15,21,2
9,4,23,38,15,7,22,22,1,16,28,70,28,9,11,9,18,21,3
29,20,59,99,14,9,102,5,7,50,93,360,97,8,0,9,12,20,2
24,14,44,119,27,3,87,6,6,30,100,309,74,20,4,11,16,10,0
9,5,36,34,7,5,35,19,2,14,46,113,37,15,6,29,9,10,2
10,9,23,23,9,5,36,19,2,27,46,114,60,23,10,14,5,4,0
29,18,56,61,7,8,93,6,7,44,87,319,109,13,9,20,11,16,2
10,4,21,38,13,4,16,25,1,12,19,46,10,6,3,14,19,22,3
18,9,18,16,4,5,21,25,1,26,33,54,43,19,16,12,9,4,3
9,7,24,24,8,5,36,19,2,16,36,116,53,21,12,1,4,5,1
16,16,39,88,16,6,63,11,4,38,70,223,89,8,7,5,16,17,1
23,14,60,95,12,9,84,8,6,36,74,283,53,2,1,33,18,27,2
26,18,50,87,13,8,80,8,5,43,86,274,107,8,0,10,16,20,2
15,14,26,29,11,9,47,16,3,35,41,162,73,18,11,8,7,10,3
16,3,14,19,9,4,6,30,0,12,8,16,7,8,6,14,16,17,3
24,17,41,97,17,8,70,9,5,41,76,244,81,7,12,11,18,20,1
27,20,52,127,25,2,116,2,9,45,118,405,127,26,7,22,8,3,0
14,13,27,28,12,7,43,18,3,40,39,142,65,20,12,3,8,10,3
26,19,52,90,15,7,73,9,5,44,75,253,91,8,14,15,17,21,2
20,24,55,121,27,8,97,5,7,57,91,339,111,15,0,4,10,12,1
26,20,44,87,18,4,89,6,6,43,98,314,102,19,5,14,16,11,0
16,6,35,57,21,8,29,20,2,19,33,94,46,9,13,9,15,20,3
16,13,28,78,28,5,40,16,2,29,47,148,80,13,8,8,16,18,0
19,4,27,62,12,5,48,15,3,15,47,175,18,4,6,6,22,23,1
17,5,27,71,15,7,47,15,3,17,50,170,20,4,7,29,21,25,1
20,10,24,52,17,4,31,19,2,23,38,108,59,8,8,4,19,19,0
31,19,52,106,17,9,86,7,6,40,81,295,92,6,2,4,16,23,2
6,10,21,32,15,5,35,20,2,27,41,109,59,24,1,14,4,3,0
17,10,23,17,5,4,25,23,1,26,33,72,60,20,4,16,7,4,3
8,12,26,54,21,6,28,20,1,26,38,91,67,12,10,3,15,18,3
28,24,56,114,22,9,103,4,7,55,93,369,134,14,10,2,11,14,1
23,9,43,85,14,7,64,11,4,26,58,228,26,2,3,8,23,27,2
15,8,16,40,13,4,14,26,1,23,18,40,45,2,13,4,25,27,3
31,19,58,104,15,6,85,7,6,43,85,292,88,8,9,17,18,20,1
22,14,34,76,17,6,54,13,3,32,62,195,70,11,11,2,16,17,1
10,7,20,14,5,2,38,18,2,15,39,126,51,28,13,3,4,2,1
25,16,33,99,23,4,68,9,4,38,73,244,86,14,3,13,22,18,0
7,10,24,47,21,5,36,19,2,25,40,116,61,19,7,11,5,5,0
3,10,23,40,18,6,33,20,2,27,38,105,56,18,1,12,5,5,0
21,21,55,68,11,8,100,5,7,57,88,350,110,16,13,23,10,13,1
30,18,59,94,15,9,105,4,8,45,99,374,90,13,12,16,13,19,2
17,7,16,37,12,6,13,26,0,21,18,36,38,3,13,1,28,29,3
16,11,20,44,16,5,23,22,1,28,35,70,55,13,1,9,12,13,3
29,22,60,122,20,10,103,4,7,56,97,369,113,8,8,22,15,21,1
30,17,46,66,7,2,107,4,8,41,110,392,94,24,4,12,10,3,0
32,23,56,95,14,9,106,4,8,61,100,384,100,13,15,1,13,15,1
7,7,26,34,10,6,39,18,2,15,42,128,41,16,11,9,5,6,1
22,22,55,112,24,7,96,6,7,53,89,328,111,15,1,24,10,15,2
26,22,52,76,10,11,110,4,8,59,92,394,92,12,5,10,10,17,1
14,13,31,43,16,9,46,17,3,42,39,153,64,14,5,9,9,13,3
19,12,42,106,24,3,71,9,5,27,71,256,70,12,4,13,19,17,0
11,9,18,15,7,4,34,20,2,25,39,105,59,28,1,3,3,1,0
29,22,51,94,19,8,99,5,7,55,91,348,109,15,1,1,9,13,2
29,21,44,102,20,9,103,5,7,52,90,362,84,15,4,21,11,15,1
19,13,32,74,15,6,53,14,3,30,59,191,81,8,12,15,15,17,1
11,5,29,36,12,6,28,21,1,13,36,89,26,12,5,10,13,15,3
15,15,31,36,13,9,47,17,3,41,41,160,74,16,2,2,8,12,3
8,13,24,49,23,4,37,18,2,29,43,124,86,21,3,11,5,5,0
29,24,54,115,25,10,106,4,8,59,90,379,106,13,11,12,10,14,1
18,12,34,70,17,5,46,15,3,29,49,167,76,11,11,11,16,18,2
7,6,39,33,7,5,39,19,2,16,43,124,27,12,11,18,7,8,1
27,18,59,86,10,8,97,5,7,44,86,332,72,7,7,21,15,20,1
33,21,60,82,10,9,105,5,8,56,96,372,102,11,12,23,13,20,2
22,12,29,68,13,7,43,16,3,31,49,156,57,4,16,12,22,25,2
10,10,20,23,10,4,37,19,2,25,42,119,56,27,4,9,4,2,0
27,21,50,70,9,8,104,5,8,53,86,369,111,13,5,17,10,15,1
31,21,56,57,1,3,120,1,10,47,119,410,128,25,12,1,5,1,0
19,12,25,72,22,4,42,15,2,26,50,159,79,10,5,5,17,17,0
31,22,50,117,21,9,100,5,7,52,89,347,102,9,2,29,13,20,1
19,10,35,29,7,8,41,17,2,31,45,145,49,15,1,6,10,16,3
13,3,8,6,10,1,5,31,0,10,6,10,24,29,7,14,4,2,3
27,21,50,60,6,8,102,5,7,56,95,358,111,13,0,31,11,17,1
26,23,51,97,15,10,112,4,8,60,98,398,92,14,0,11,10,16,1
30,21,49,78,10,8,104,4,8,52,98,369,105,16,5,12,11,14,1
11,3,20,21,10,6,17,26,1,9,17,45,27,17,5,27,7,6,1
16,6,25,26,8,5,32,20,2,14,39,100,37,18,9,18,8,8,2
22,13,47,102,20,8,80,8,5,29,91,275,82,11,0,14,12,16,1
40,20,51,98,17,9,105,4,8,48,96,373,102,12,21,11,13,18,2
26,18,62,94,12,9,99,6,7,44,90,336,82,6,0,36,14,25,2
18,2,31,55,13,6,36,19,2,7,41,117,25,8,2,33,15,17,1
20,13,45,52,16,9,46,16,3,39,45,158,59,11,7,21,13,19,3
26,22,56,75,12,8,100,5,7,59,88,346,111,15,12,26,10,14,1
11,10,23,19,9,4,34,20,2,27,35,103,59,27,6,9,3,1,0
13,5,30,49,9,5,49,15,3,11,53,176,28,8,1,9,16,17,1
28,21,58,82,9,9,108,4,8,56,92,388,88,11,0,29,11,20,1
20,4,24,64,14,7,43,17,3,16,47,151,13,4,5,39,20,27,2
14,5,27,31,12,5,22,23,1,15,36,68,16,13,7,7,13,12,3
1,5,12,18,11,3,19,25,1,9,21,51,33,28,0,21,1,3,1
17,9,28,65,13,6,33,19,2,24,43,108,48,3,22,10,29,30,1
32,21,59,121,21,10,103,5,8,52,90,364,112,8,13,25,14,23,2
10,7,28,30,9,5,38,18,2,16,42,125,48,17,7,16,6,6,2
13,6,29,48,15,6,23,22,1,19,25,71,12,4,3,6,25,28,3
14,7,42,67,11,6,63,11,4,15,69,221,43,11,7,18,13,15,2
18,7,26,32,11,4,22,23,1,20,35,66,25,14,0,0,11,7,3
14,3,22,55,16,4,26,22,1,13,33,80,14,7,1,37,17,23,2
15,10,34,123,30,16,36,19,2,31,68,118,52,32,5,9,10,15,3
30,19,58,100,13,9,103,5,7,49,88,365,85,7,0,20,15,22,1
17,12,29,55,10,5,45,15,3,29,53,165,65,10,8,10,14,14,2
22,11,48,95,19,7,73,9,5,26,83,252,63,13,15,11,14,16,2
34,16,54,79,10,9,91,6,6,38,79,310,74,6,12,21,16,20,1
20,14,26,88,23,5,53,12,3,34,53,199,73,10,9,19,24,25,0
11,10,15,12,6,6,36,20,2,26,38,112,60,26,8,8,3,1,0
13,15,43,71,13,6,61,12,4,34,68,214,86,9,13,16,16,18,2
32,22,54,60,2,5,123,1,11,54,119,412,124,24,5,30,3,5,0
29,16,56,102,14,9,92,6,7,39,84,315,56,5,0,19,17,26,2
14,8,17,27,12,4,10,29,0,19,17,25,38,17,12,3,10,7,3
15,6,11,7,1,5,21,25,1,21,24,53,39,26,12,8,7,1,3
23,11,41,69,20,8,44,17,3,31,42,153,42,7,14,9,18,21,3
27,22,52,106,20,10,107,4,8,59,93,380,101,12,2,21,11,18,2
11,7,20,32,12,5,9,28,0,21,14,27,31,4,7,11,26,27,3
26,16,54,105,20,8,86,7,6,38,82,291,62,10,4,11,13,15,1
34,22,49,84,10,4,119,2,9,52,118,407,127,26,8,9,8,3,0
17,12,27,80,27,5,43,15,2,25,48,161,71,11,8,6,19,20,0
13,1,12,33,12,4,13,26,1,12,17,38,2,4,4,10,23,25,3
18,6,39,73,12,7,53,13,3,16,55,191,17,4,6,17,21,23,2
21,4,27,80,21,6,45,16,3,16,52,163,22,10,3,16,14,16,2
13,10,23,70,27,12,38,18,2,25,49,128,56,17,1,9,10,8,0
13,11,37,28,8,10,41,18,3,40,45,137,52,16,7,11,7,14,3
17,7,20,4,1,5,25,24,2,22,28,67,36,26,12,19,6,2,3
13,11,23,44,14,6,29,20,1,25,32,97,61,9,7,8,20,22,0
19,6,28,77,25,6,41,16,2,15,44,151,33,11,4,5,16,19,0
32,18,54,75,9,9,98,5,7,44,93,341,105,13,2,4,12,17,2
11,5,12,12,9,2,5,31,0,11,9,14,40,19,9,2,8,5,3
4,6,25,20,6,7,28,22,2,17,34,83,32,18,7,21,5,8,1
15,6,42,74,15,6,61,12,4,14,68,212,42,11,11,15,13,14,2
11,12,20,19,10,6,34,20,2,27,39,107,74,27,0,7,3,1,0
38,15,50,101,15,7,88,7,6,33,83,300,71,5,17,29,17,23,2
12,16,39,83,17,7,63,11,4,35,66,221,97,8,11,7,16,18,1
33,23,53,128,28,4,117,2,9,49,115,406,114,23,9,13,10,4,0
11,7,20,31,12,2,23,23,1,15,31,69,39,15,6,14,10,9,2
10,10,20,14,7,5,36,20,2,29,38,110,63,28,0,5,3,1,0
26,23,52,123,25,8,102,5,7,53,99,363,104,13,2,6,11,16,2
30,22,49,74,9,7,104,4,8,57,98,376,104,15,4,5,11,13,1
13,6,41,87,22,6,54,14,3,15,67,189,39,15,3,22,10,11,1
38,20,46,90,15,9,101,5,7,47,88,356,84,13,6,25,12,18,2
14,9,28,33,8,4,31,20,2,21,39,98,54,12,15,26,15,17,1
23,2,23,75,21,3,41,15,2,6,53,157,6,12,3,22,26,24,0
26,15,38,84,13,9,61,12,4,35,61,212,75,3,5,22,21,29,2
33,21,54,105,18,9,93,6,7,44,95,323,125,12,9,0,13,16,2
16,7,36,59,13,6,46,15,3,15,58,167,43,13,5,7,10,10,2
11,10,22,16,7,4,36,20,2,26,43,111,65,28,3,7,4,1,0
22,2,20,44,17,6,14,26,1,11,17,40,1,7,6,2,19,19,3
30,20,59,99,16,10,107,5,8,50,93,375,89,12,15,35,13,22,2
19,10,22,54,12,5,38,17,2,25,44,135,75,8,12,11,17,17,2
21,12,40,62,20,8,40,18,2,31,36,137,62,8,9,8,16,20,3
14,14,33,24,7,9,46,17,3,45,44,155,62,18,1,7,6,12,3
29,22,56,109,21,9,90,6,6,51,88,304,104,12,9,18,13,15,1
34,21,54,113,19,9,99,5,7,49,96,345,100,11,1,23,12,20,2
34,20,54,103,16,9,104,4,8,54,96,370,100,12,6,3,12,18,2
24,21,51,92,15,7,85,7,6,48,89,290,126,11,2,7,13,17,1
17,13,35,63,11,6,51,14,3,31,50,185,52,2,8,11,24,27,1
9,5,20,31,15,4,12,28,1,14,13,31,27,11,4,7,9,9,1
10,9,20,13,6,5,35,19,2,27,42,111,51,26,5,4,4,1,0
14,3,21,34,12,6,25,21,1,12,35,80,15,14,7,1,13,15,3
33,20,55,74,9,9,105,5,8,49,93,375,102,13,15,18,13,18,2
29,21,52,90,17,9,98,5,7,54,85,338,110,15,14,4,11,15,2
25,18,42,92,18,4,86,6,6,41,86,303,93,15,6,7,17,12,0
10,2,18,22,10,4,3,31,0,7,7,8,11,6,1,23,20,22,3
23,22,59,61,6,9,109,4,8,60,98,393,105,14,8,30,11,17,1
9,5,27,31,10,6,25,23,1,9,29,72,15,13,9,20,7,10,1
14,5,31,46,14,5,32,20,2,9,35,100,30,10,0,9,11,13,1
29,22,56,116,23,8,108,4,8,59,103,393,106,16,14,11,12,15,1
9,11,19,21,8,6,36,20,2,30,38,111,64,23,1,11,3,2,0
5,3,22,20,9,5,14,27,1,6,16,35,21,11,2,21,7,10,1
4,10,25,34,15,6,39,18,2,26,44,130,62,19,0,8,6,7,0
14,10,30,40,7,6,30,20,2,28,32,94,62,5,13,5,18,20,2
8,7,13,9,6,5,18,26,1,19,14,43,45,25,12,6,1,2,3
14,17,36,88,18,4,64,11,4,38,74,229,98,12,1,6,13,13,1
15,7,36,71,14,6,64,11,4,14,67,222,45,12,1,14,11,12,1
13,9,20,26,10,4,10,28,0,26,16,28,48,7,8,4,17,17,3
21,10,35,54,8,3,71,8,5,23,82,257,50,16,0,6,19,15,0
18,6,17,39,11,5,14,26,1,16,18,40,46,4,9,7,22,23,2
23,13,30,92,24,5,52,13,3,32,53,193,68,10,13,9,24,22,0
18,6,31,57,19,6,25,22,1,22,26,79,14,5,4,7,25,27,3
25,18,60,123,23,9,105,4,8,45,104,383,94,14,11,19,13,17,1
15,3,38,77,17,4,46,15,3,7,56,168,27,7,9,31,19,22,2
13,7,32,76,15,5,62,12,4,20,68,215,38,7,0,29,13,18,1
22,20,56,118,24,10,106,4,8,49,93,376,90,11,3,20,10,19,2
9,4,23,43,14,5,23,23,1,22,25,68,10,5,0,23,20,24,3
11,6,16,22,12,4,3,31,0,17,6,9,33,5,7,9,23,23,3
10,5,25,23,6,7,20,25,1,14,14,53,11,6,1,24,12,17,1
12,9,14,9,4,4,36,20,2,23,38,110,59,26,2,14,2,1,0
28,23,56,76,12,8,95,6,7,55,84,323,106,13,13,22,12,15,1
15,16,38,34,10,9,45,17,3,49,42,151,74,16,1,11,6,11,3
5,1,1,3,10,1,1,33,0,1,1,1,10,28,4,7,3,2,1
17,4,28,84,24,4,47,14,3,10,49,174,23,10,1,14,19,21,0
10,0,5,0,6,2,2,33,0,0,5,3,15,24,1,30,3,4,2
13,1,22,45,10,3,24,22,1,4,27,74,9,3,9,29,28,29,1
17,9,22,46,11,6,26,22,1,20,34,79,39,5,10,21,23,25,1
8,4,4,5,8,3,9,29,0,10,13,21,34,26,8,16,4,3,3
23,6,21,29,9,6,17,26,1,26,28,44,22,13,4,10,10,6,3
22,22,49,63,7,8,101,5,7,55,86,353,106,16,0,4,8,12,1
33,23,54,125,26,8,106,4,8,56,99,379,102,14,8,3,11,16,2
15,15,34,37,13,7,36,18,2,38,42,119,88,16,2,0,9,14,3
21,7,51,71,11,6,67,11,4,16,72,232,48,9,5,34,16,21,2
31,19,59,100,17,10,106,5,8,50,96,372,88,14,22,37,14,24,2
9,3,28,29,8,4,26,22,1,7,35,79,26,12,4,36,13,14,2
29,20,52,83,16,8,98,6,7,48,85,333,90,15,13,21,12,17,2
8,11,23,59,22,3,29,20,1,25,35,92,58,10,7,6,12,12,0
13,11,24,58,23,5,30,20,2,23,36,98,60,12,4,4,12,12,0
23,18,37,100,25,5,69,9,4,43,67,247,86,13,9,11,20,18,0
15,9,17,37,12,5,17,24,1,24,23,51,50,6,15,3,21,23,3
11,7,17,28,9,3,19,24,1,17,21,54,54,11,9,2,11,10,2
28,16,58,72,7,10,93,6,7,41,81,321,71,7,1,12,15,19,1
11,11,23,33,17,4,34,19,2,27,39,108,73,23,10,1,5,2,0
27,19,52,106,17,8,88,7,6,39,81,301,74,6,0,19,17,22,1
6,5,8,16,11,4,20,25,1,10,16,51,36,24,10,6,1,3,1
22,8,16,26,9,5,16,26,1,25,27,41,45,19,5,7,8,5,3
21,8,22,46,9,5,27,21,1,23,31,85,57,2,11,8,26,28,2
11,11,19,22,9,4,38,19,2,32,37,117,65,24,4,13,2,2,0
22,16,29,96,26,5,64,10,4,39,63,233,74,13,0,7,21,19,0
33,22,56,122,21,9,103,4,7,53,95,372,98,10,14,4,14,16,1
16,19,50,89,15,7,78,8,5,43,83,269,129,10,3,1,14,18,1
9,10,29,73,28,5,41,17,2,25,49,145,61,18,5,12,9,9,0
20,13,55,101,19,7,76,9,5,30,77,260,57,9,0,28,14,19,2
20,10,36,91,22,4,63,10,4,21,58,230,51,9,6,4,20,17,0
21,13,41,53,17,7,37,18,2,30,42,125,70,11,15,11,16,18,3
11,11,30,48,13,5,38,18,2,23,43,131,49,13,9,0,11,11,1
15,5,32,78,22,4,46,14,3,12,47,174,21,7,2,14,22,24,0
10,5,28,25,7,5,33,20,2,13,40,104,33,16,7,25,7,7,2
30,20,56,77,10,9,96,5,7,50,91,331,106,12,0,15,10,16,2
14,5,30,54,15,5,35,19,2,11,43,113,41,12,6,21,12,12,2
23,22,55,106,20,7,91,6,6,49,90,309,108,13,5,19,11,15,2
10,7,20,29,11,4,28,22,2,19,33,83,52,18,2,22,6,5,2
22,4,31,74,15,6,47,15,3,13,51,171,6,3,2,28,27,30,1
22,8,45,90,16,8,65,11,4,22,66,229,24,4,4,3,21,23,1
25,14,41,83,13,8,57,12,4,37,55,204,57,0,15,18,25,29,2
11,2,2,3,7,0,6,31,0,3,8,14,25,31,6,1,4,2,3
9,9,29,49,17,5,37,18,2,25,48,125,45,16,0,20,11,12,0
14,12,38,42,12,9,44,17,3,40,46,148,61,16,12,16,7,12,3
16,6,30,46,12,6,25,22,1,21,28,78,11,3,8,17,25,28,3
21,17,47,108,20,7,72,9,5,40,81,251,102,8,8,6,17,20,2
13,2,14,36,12,5,14,26,1,11,16,40,0,3,1,6,26,28,3
35,13,51,90,14,7,78,8,5,31,76,268,48,6,11,7,18,22,2
12,8,20,33,11,4,34,20,2,18,33,104,66,20,19,2,5,4,2
14,14,36,62,14,6,50,14,3,32,58,180,78,13,7,10,11,12,2
15,10,25,50,17,6,22,23,1,27,27,69,55,5,4,6,25,28,3
15,14,38,54,17,8,49,16,3,42,46,171,73,14,9,0,9,14,3
27,10,49,90,16,8,70,10,5,24,69,243,27,6,8,12,19,23,1
35,20,55,116,19,8,96,6,7,46,90,329,98,8,5,16,14,22,2
19,13,44,68,23,10,43,17,3,37,41,144,80,10,15,21,14,19,3
10,11,20,18,11,4,34,19,2,27,39,109,73,25,8,1,4,2,0
20,18,49,89,16,7,75,9,5,43,75,260,120,9,13,0,15,17,1
28,8,36,87,16,7,61,12,4,24,67,210,26,6,7,30,21,25,1
22,14,41,76,13,5,82,7,6,30,81,287,89,15,8,0,16,10,0
16,2,20,52,12,5,33,19,2,13,38,108,11,5,1,1,21,22,1
17,4,33,73,20,6,40,17,2,11,49,139,32,10,6,9,14,14,2
25,25,60,122,23,9,111,4,8,63,100,396,95,13,0,13,11,17,1
7,10,26,51,21,5,37,18,2,27,50,123,61,21,2,17,7,7,0
30,18,33,100,24,4,80,7,5,41,81,280,76,16,6,20,18,13,0
11,12,23,15,9,5,34,19,2,26,39,110,74,25,9,5,4,2,0
14,8,29,76,26,5,43,16,2,18,50,159,41,15,8,12,15,14,0
20,13,29,55,19,9,48,16,3,37,44,165,60,15,8,4,8,12,3
21,13,23,87,23,4,53,13,3,30,52,196,59,10,17,10,24,22,0
15,13,26,30,11,9,47,17,3,40,39,159,74,17,0,9,6,12,3
35,23,60,92,10,3,122,1,10,51,120,414,142,23,11,10,7,2,0
24,5,27,77,19,4,50,13,3,13,62,187,25,12,2,22,24,21,0
10,9,20,13,6,5,35,20,2,25,38,107,48,26,10,7,4,1,0
13,7,22,39,12,5,16,25,1,16,16,45,32,5,1,1,17,19,1
31,24,58,126,20,4,129,0,11,53,124,421,138,27,9,31,4,3,0
14,2,7,14,10,2,9,29,0,7,8,22,16,23,5,13,5,3,2
30,18,56,90,13,9,76,9,5,44,74,261,82,5,18,4,20,24,2
19,7,38,79,15,7,55,13,3,21,53,199,21,2,2,9,24,29,2
11,12,24,63,23,4,32,19,2,28,41,107,77,12,10,8,11,10,0
33,18,51,99,16,8,81,8,6,41,81,278,89,6,7,16,18,24,2
15,13,28,26,8,9,46,17,3,43,42,155,59,18,0,16,6,11,3
25,10,45,90,15,8,66,10,4,25,68,234,41,5,6,9,19,24,2
17,8,20,18,5,5,25,24,1,25,29,66,49,22,7,19,6,3,3
14,5,35,49,12,6,39,17,2,11,48,137,25,11,1,1,11,11,2
17,4,28,77,23,4,40,16,2,13,53,149,15,12,0,4,22,21,0
8,9,24,45,17,5,35,19,2,24,41,117,46,15,2,2,8,9,0
18,14,36,58,13,5,53,14,3,29,66,190,89,14,12,4,11,11,1
31,20,50,85,11,9,102,5,7,48,95,359,79,12,11,24,12,17,1
33,16,54,93,15,8,91,6,6,37,94,313,103,13,6,16,13,17,2
21,15,36,70,12,6,57,13,4,34,64,203,84,8,15,0,19,20,1
18,10,31,55,17,6,23,22,1,27,25,71,47,4,17,12,27,29,3
24,19,55,70,8,8,95,6,7,48,86,327,103,14,3,2,11,13,1
35,21,53,94,17,9,98,5,7,53,89,338,109,14,17,16,12,17,2
7,10,23,129,33,20,25,22,1,27,98,78,60,34,4,9,14,18,3
17,2,12,29,11,4,9,29,0,14,11,24,5,5,6,17,21,22,3
19,16,35,30,9,8,45,17,3,42,45,153,74,17,10,7,7,11,3
20,9,49,90,18,7,64,11,4,23,67,224,37,8,1,29,17,19,1
27,21,50,94,14,4,110,3,8,47,108,399,117,20,9,14,12,6,0
25,21,53,99,18,8,83,7,6,46,91,284,125,13,4,11,11,15,2
30,12,51,88,14,8,83,7,6,31,81,283,74,8,8,5,16,19,2
32,20,59,104,16,9,104,5,8,50,95,367,86,10,10,21,14,22,2
19,11,23,79,25,6,39,16,2,26,40,147,66,8,7,2,23,25,0
25,19,60,118,21,8,107,4,8,47,106,390,95,14,7,28,12,18,1
22,8,41,77,12,7,61,12,4,22,61,213,35,4,1,5,20,24,2
21,13,27,95,27,3,49,13,3,31,54,184,79,11,7,8,20,19,0
29,19,61,65,6,8,104,4,8,48,101,374,106,15,10,28,12,17,1
29,20,52,92,18,9,98,5,7,50,83,336,109,13,12,12,11,17,2
16,5,29,65,14,6,53,14,3,16,65,188,33,12,0,28,13,17,1
30,21,59,125,23,10,100,5,7,50,93,355,114,9,4,22,13,20,2
19,12,38,56,21,8,43,18,3,38,39,143,64,14,17,11,11,14,3
30,13,51,88,14,7,78,8,5,32,74,265,49,6,5,9,18,21,1
19,12,38,53,16,8,44,17,3,39,43,153,50,9,1,6,13,18,3
16,4,29,31,8,6,18,25,1,17,26,49,12,10,0,12,15,11,3
27,15,56,107,17,8,86,7,6,34,81,290,66,5,0,25,16,23,2
21,11,21,83,23,5,41,15,2,27,48,158,54,8,5,7,26,25,0
10,3,25,20,9,5,13,28,1,7,13,32,11,11,3,30,8,13,1
28,15,49,124,24,8,90,6,6,35,93,312,85,12,2,15,12,15,1
26,22,58,93,14,9,110,4,8,60,95,389,92,15,8,35,11,20,1
28,19,54,63,5,5,114,2,9,42,110,401,134,23,3,23,7,3,0
10,12,26,60,22,6,29,20,1,30,42,93,64,12,2,0,14,18,3
39,24,53,74,5,4,126,0,11,51,125,419,139,26,2,21,6,3,0
13,7,10,7,6,5,18,27,1,21,11,42,46,28,0,7,0,2,3
11,4,30,37,7,5,40,17,2,9,48,138,33,12,14,13,10,10,1
27,18,55,110,20,8,89,6,6,44,87,302,83,9,3,19,12,16,2
30,18,46,53,4,5,102,4,7,47,105,366,96,22,9,25,12,7,0
25,17,50,97,16,4,103,4,7,38,99,380,101,18,8,7,13,8,0
21,11,38,59,19,8,41,17,2,32,36,141,47,8,3,10,16,21,3
34,19,55,92,13,10,100,5,7,44,87,357,100,8,11,7,13,18,2
12,6,27,58,19,4,31,19,2,16,42,104,27,11,3,21,19,19,0
15,8,31,38,8,5,24,22,1,20,30,74,46,8,0,1,16,16,1
23,15,52,96,18,7,82,7,6,34,83,282,62,9,2,5,13,16,2
21,13,41,67,21,8,41,17,2,30,42,140,70,10,14,15,18,21,3
10,10,22,34,15,5,38,18,2,27,47,127,67,25,1,4,5,3,0
16,9,20,35,11,7,20,24,1,24,32,59,52,10,6,5,15,16,3
5,10,21,16,6,5,36,20,2,29,38,113,64,22,7,14,3,3,0
18,13,38,62,19,7,37,18,2,29,38,125,67,8,0,4,19,23,3
18,18,43,102,22,6,68,10,5,38,78,239,116,11,6,1,13,15,2
21,7,31,63,11,5,60,12,4,21,66,210,48,9,3,29,15,19,2
10,3,6,8,9,3,6,31,0,6,8,13,15,22,13,5,5,3,3
25,3,26,92,26,4,48,14,3,9,58,179,13,13,6,19,24,23,0
16,3,25,55,13,6,36,18,2,15,35,120,10,4,2,22,20,24,2
16,8,18,41,14,6,15,25,1,24,30,42,41,9,6,12,18,20,3
11,6,12,18,8,3,4,31,0,16,9,10,36,10,7,6,14,13,3
20,20,48,95,18,8,78,8,5,42,87,267,122,12,3,2,12,15,2
16,10,25,35,9,5,35,19,2,22,37,113,53,13,13,23,10,10,2
6,12,21,30,13,5,38,19,2,33,36,119,67,22,3,13,3,2,0
19,17,37,31,10,8,42,18,3,52,40,137,75,18,5,6,6,10,3
32,12,45,90,15,8,73,9,5,30,69,252,47,5,12,20,19,22,1
40,18,51,94,13,10,81,8,6,44,74,275,72,3,22,1,22,27,2
15,11,22,45,17,5,21,23,1,27,34,63,50,16,3,2,11,10,3
27,19,50,118,24,8,99,5,7,46,95,350,87,12,0,16,11,15,1
28,20,57,65,8,8,97,6,7,50,87,330,111,14,16,24,11,16,2
9,10,23,16,7,6,37,19,2,28,42,118,64,22,1,12,5,3,0
23,5,31,84,18,6,55,13,3,18,66,199,29,8,9,20,16,18,2
13,6,23,59,19,5,34,18,2,16,36,118,31,10,5,13,17,20,0
16,13,52,92,18,7,81,8,6,28,86,276,87,14,5,8,10,13,1
16,3,36,55,14,6,28,21,2,10,32,86,25,4,0,31,17,19,2
5,11,21,13,6,6,37,19,2,28,39,119,78,21,4,16,4,4,0
22,15,56,105,17,9,86,7,6,37,79,292,50,5,2,7,17,21,1
17,19,46,97,20,7,74,9,5,43,81,259,125,13,2,5,12,14,1
12,9,23,32,12,5,35,19,2,24,46,113,44,19,6,9,9,7,0
19,4,25,39,13,7,19,24,1,17,30,54,16,10,2,7,16,14,3
22,5,28,81,21,4,57,11,3,11,67,208,25,15,2,6,21,18,0
21,12,52,94,19,7,77,8,5,25,85,263,83,14,3,19,13,16,2
31,20,50,47,0,2,115,2,9,46,114,404,110,23,4,17,9,3,0
36,17,54,92,13,9,96,5,7,38,90,332,76,9,9,9,14,19,2
21,6,18,4,1,6,20,26,1,23,29,50,27,21,7,20,7,3,3
34,14,49,99,17,7,83,7,6,32,86,283,79,11,4,13,14,17,2
13,9,18,44,15,6,16,25,1,24,19,46,49,4,3,2,27,29,3
12,11,50,104,23,8,74,9,5,23,81,258,66,12,2,21,11,13,1
32,21,49,94,15,10,103,5,7,52,88,360,105,12,2,21,11,17,2
12,4,7,9,7,4,2,32,0,8,4,6,32,15,11,22,10,9,3
10,10,20,16,9,4,34,20,2,27,35,105,59,26,6,11,3,1,0
32,22,54,106,21,9,104,4,8,54,88,372,104,11,10,7,11,16,2
18,4,23,19,5,7,13,27,1,19,25,34,8,12,2,13,15,9,3
40,19,51,96,15,8,102,5,7,47,96,362,102,13,14,4,12,16,2
15,6,38,53,12,5,49,15,3,13,58,177,46,12,7,13,10,11,2
10,10,20,13,7,3,34,20,2,27,37,106,62,28,8,2,3,0,0
11,10,21,43,17,7,24,22,1,25,30,75,62,10,6,0,16,20,3
25,18,55,56,5,8,91,6,6,46,84,311,81,10,5,21,12,15,1
23,13,41,84,16,4,77,8,5,29,82,270,62,14,2,26,18,16,0
12,8,29,58,20,5,34,19,2,22,40,113,40,13,7,13,12,14,0
8,7,8,7,6,4,18,27,1,22,11,41,45,27,8,7,0,2,3
10,5,17,23,8,5,9,29,0,12,6,21,32,5,20,8,19,20,1
36,20,59,104,14,9,92,6,6,49,84,314,104,5,21,2,20,24,2
28,23,51,78,12,9,101,5,7,55,86,352,107,16,15,11,10,13,1
17,6,29,73,24,4,38,17,2,13,48,136,31,13,6,14,19,19,0
13,8,33,40,15,6,32,19,2,26,38,104,49,12,4,16,12,16,3
9,5,14,21,9,3,18,24,1,12,17,53,29,16,8,4,9,7,1
14,11,33,84,19,4,48,14,3,25,58,177,68,7,13,11,18,18,1
18,14,37,98,24,5,62,10,4,34,59,225,89,11,7,19,22,20,0
29,19,52,99,15,8,83,7,6,43,74,284,92,5,2,5,19,23,1
6,10,21,41,17,5,36,19,2,26,44,116,59,21,1,2,6,4,0
13,12,35,48,9,6,40,17,2,31,49,143,58,10,3,0,12,12,2
28,18,56,67,9,9,95,6,7,45,89,324,110,14,8,9,11,15,2
8,13,21,32,12,4,36,18,2,28,41,122,71,15,5,3,9,10,0
4,5,10,13,8,3,28,22,2,10,22,83,33,22,4,2,4,2,2
22,22,54,90,16,9,100,5,7,54,86,345,107,16,5,24,9,13,1
8,6,22,20,7,3,21,23,1,13,24,65,50,10,16,6,11,9,1
23,5,25,85,22,3,52,12,3,13,58,196,26,11,1,3,24,21,0
15,15,30,25,9,8,43,18,3,46,38,140,75,19,1,3,6,10,3
10,10,20,16,8,5,36,19,2,28,41,112,61,24,4,15,4,2,0
6,12,21,47,22,13,37,19,2,29,55,121,74,29,1,10,4,4,0
15,15,38,50,17,9,47,17,3,49,44,161,74,15,3,16,9,14,3
29,20,59,97,17,9,105,5,8,54,93,370,91,12,14,30,13,22,2
20,10,49,95,18,8,74,9,5,25,84,257,54,12,6,27,14,16,1
18,9,50,85,16,7,70,10,5,20,73,240,61,11,10,21,13,16,2
12,5,24,16,6,6,23,23,1,9,27,67,33,16,0,9,5,5,2
29,23,49,123,27,9,105,4,8,54,90,376,106,14,6,16,10,14,1
20,8,35,63,18,7,31,20,2,27,32,100,28,5,4,8,23,26,3
30,21,56,106,20,8,85,7,6,45,81,288,102,9,10,20,14,17,1
31,22,49,89,13,10,106,4,8,55,92,378,102,13,9,13,10,15,1
11,6,37,42,10,6,42,17,3,15,54,144,45,15,0,23,7,9,1
20,16,45,86,15,8,64,11,4,36,68,226,59,5,2,0,22,25,1
24,24,51,70,7,11,109,4,8,65,90,385,101,13,4,7,9,17,1
14,9,20,18,6,5,17,25,1,26,31,47,50,14,10,17,12,10,3
20,16,35,32,9,9,45,17,3,44,42,151,73,16,7,10,6,10,3
22,4,23,66,19,5,37,17,2,11,36,132,8,6,0,16,25,27,0
25,14,23,78,23,5,48,14,3,35,48,183,60,9,9,6,24,24,0
33,16,60,97,14,9,97,5,7,41,96,334,103,12,16,11,14,18,2
17,13,36,47,9,4,46,15,3,30,54,166,72,12,10,5,10,10,2
7,3,6,7,6,2,21,24,1,8,19,59,32,27,15,4,5,1,2
36,25,56,76,4,4,130,0,12,56,124,423,136,26,4,8,5,2,0
12,12,20,32,11,6,26,21,1,30,37,82,63,14,3,12,12,15,3
19,13,30,62,13,6,44,16,3,30,50,159,69,8,12,2,17,18,2
20,10,29,35,10,8,37,18,2,31,42,125,47,12,2,23,11,19,3
15,11,25,50,17,6,23,22,1,26,28,73,59,6,9,4,20,22,3
18,1,20,33,9,5,16,25,1,2,20,44,3,3,5,29,25,26,1
18,6,40,76,17,6,55,14,3,16,68,193,37,13,7,25,12,14,2
14,13,37,56,19,9,45,17,3,41,42,154,64,13,1,20,10,16,3
31,21,52,115,20,10,107,4,8,55,95,382,88,11,3,4,11,20,2
11,3,31,39,11,5,21,24,1,6,24,61,36,7,0,25,14,14,2
10,3,20,16,8,3,7,30,0,10,9,17,19,14,1,18,10,9,3
